APIB_IND,aggregation_index,aggregation_code,aggregation_name,NRC_CODE,NRC_DESC,COUNTY_CODE,COUNTY_NAME,NYC_IND,tested_student_cnt,tested_cnt_valid,proficiency_cnt_valid,high_score_cnt_valid,is_suppressed,proficiency_rate,high_score_rate,valid_coverage,resource_class
AP,3,100501040000,TACONIC HILLS,5.0,AVERAGE NEEDS,10.0,COLUMBIA,0.0,36,28,16.0,10.0,5,0.5714285714285714,0.35714285714285715,0.7777777777777778,平均
AP,3,100902040000,GERMANTOWN,5.0,AVERAGE NEEDS,10.0,COLUMBIA,0.0,12,9,9.0,4.0,1,1.0,0.4444444444444444,0.75,平均
AP,3,10100010000,ALBANY,3.0,URBAN/SUBURBAN/HIGH NEEDS,1.0,ALBANY,0.0,714,678,414.0,251.0,18,0.6106194690265486,0.3702064896755162,0.9495798319327731,城市-郊区
AP,3,101001040000,CHATHAM,5.0,AVERAGE NEEDS,10.0,COLUMBIA,0.0,69,65,43.0,18.0,2,0.6615384615384615,0.27692307692307694,0.9420289855072463,平均
AP,3,101300010000,HUDSON,4.0,RURAL HIGH NEEDS,10.0,COLUMBIA,0.0,43,41,30.0,26.0,1,0.7317073170731707,0.6341463414634146,0.9534883720930233,农村
AP,3,101401040000,KINDERHOOK,5.0,AVERAGE NEEDS,10.0,COLUMBIA,0.0,133,132,94.0,51.0,1,0.7121212121212122,0.38636363636363635,0.9924812030075187,平均
AP,3,10201040000,BERNE KNOX,5.0,AVERAGE NEEDS,1.0,ALBANY,0.0,55,46,43.0,28.0,3,0.9347826086956522,0.6086956521739131,0.8363636363636363,平均
AP,3,10306060000,BETHLEHEM,6.0,LOW NEEDS,1.0,ALBANY,0.0,1028,991,880.0,696.0,25,0.887991927346115,0.7023208879919274,0.9640077821011673,低N/RC
AP,3,10402060000,RAVENA COEYMANS,5.0,AVERAGE NEEDS,1.0,ALBANY,0.0,69,44,34.0,19.0,12,0.7727272727272727,0.4318181818181818,0.6376811594202898,平均
AP,3,10500010000,COHOES,3.0,URBAN/SUBURBAN/HIGH NEEDS,1.0,ALBANY,0.0,49,49,24.0,12.0,0,0.4897959183673469,0.24489795918367346,1.0,城市-郊区
AP,3,10601060000,SOUTH COLONIE,5.0,AVERAGE NEEDS,1.0,ALBANY,0.0,418,412,327.0,204.0,3,0.7936893203883495,0.49514563106796117,0.9856459330143541,平均
AP,3,10623060000,NORTH COLONIE CSD,6.0,LOW NEEDS,1.0,ALBANY,0.0,729,701,629.0,515.0,18,0.8972895863052782,0.7346647646219686,0.9615912208504801,低N/RC
AP,3,10802060000,GUILDERLAND,6.0,LOW NEEDS,1.0,ALBANY,0.0,534,513,431.0,323.0,13,0.8401559454191033,0.6296296296296297,0.9606741573033708,低N/RC
AP,3,11003060000,VOORHEESVILLE,6.0,LOW NEEDS,1.0,ALBANY,0.0,302,274,225.0,122.0,12,0.8211678832116789,0.44525547445255476,0.9072847682119205,低N/RC
AP,3,110101040000,CINCINNATUS,4.0,RURAL HIGH NEEDS,11.0,CORTLAND,0.0,17,16,13.0,8.0,1,0.8125,0.5,0.9411764705882353,农村
AP,3,110200010000,CORTLAND,3.0,URBAN/SUBURBAN/HIGH NEEDS,11.0,CORTLAND,0.0,53,48,30.0,9.0,2,0.625,0.1875,0.9056603773584906,城市-郊区
AP,3,110701060000,HOMER,5.0,AVERAGE NEEDS,11.0,CORTLAND,0.0,114,106,94.0,65.0,4,0.8867924528301887,0.6132075471698113,0.9298245614035088,平均
AP,3,110901040000,MARATHON,4.0,RURAL HIGH NEEDS,11.0,CORTLAND,0.0,18,18,5.0,4.0,0,0.2777777777777778,0.2222222222222222,1.0,农村
AP,3,120301040000,DOWNSVILLE,4.0,RURAL HIGH NEEDS,12.0,DELAWARE,0.0,4,0,0.0,0.0,3,,,0.0,农村
AP,3,120501040000,DELAWARE ACADEMY-DELHI,5.0,AVERAGE NEEDS,12.0,DELAWARE,0.0,60,55,48.0,29.0,2,0.8727272727272727,0.5272727272727272,0.9166666666666666,平均
AP,3,121401040000,MARGARETVILLE,4.0,RURAL HIGH NEEDS,12.0,DELAWARE,0.0,30,10,4.0,1.0,6,0.4,0.1,0.3333333333333333,农村
AP,3,121901040000,WALTON,4.0,RURAL HIGH NEEDS,12.0,DELAWARE,0.0,13,9,8.0,4.0,3,0.8888888888888888,0.4444444444444444,0.6923076923076923,农村
AP,3,130200010000,BEACON,5.0,AVERAGE NEEDS,13.0,DUTCHESS,0.0,89,76,76.0,76.0,10,1.0,1.0,0.8539325842696629,平均
AP,3,130502020000,DOVER,5.0,AVERAGE NEEDS,13.0,DUTCHESS,0.0,105,98,72.0,39.0,5,0.7346938775510204,0.3979591836734694,0.9333333333333333,平均
AP,3,130801060000,HYDE PARK,5.0,AVERAGE NEEDS,13.0,DUTCHESS,0.0,298,263,137.0,68.0,12,0.5209125475285171,0.2585551330798479,0.8825503355704698,平均
AP,3,131201040000,PAWLING,6.0,LOW NEEDS,13.0,DUTCHESS,0.0,309,291,225.0,116.0,6,0.7731958762886598,0.39862542955326463,0.941747572815534,低N/RC
AP,3,131301040000,PINE PLAINS,5.0,AVERAGE NEEDS,13.0,DUTCHESS,0.0,84,75,57.0,35.0,5,0.76,0.4666666666666667,0.8928571428571429,平均
AP,3,131601060000,ARLINGTON,5.0,AVERAGE NEEDS,13.0,DUTCHESS,0.0,1030,998,709.0,408.0,15,0.7104208416833667,0.4088176352705411,0.9689320388349515,平均
AP,3,131602020000,SPACKENKILL,5.0,AVERAGE NEEDS,13.0,DUTCHESS,0.0,352,324,233.0,139.0,12,0.7191358024691358,0.42901234567901236,0.9204545454545454,平均
AP,3,131701060000,RED HOOK,5.0,AVERAGE NEEDS,13.0,DUTCHESS,0.0,200,180,146.0,92.0,10,0.8111111111111111,0.5111111111111111,0.9,平均
AP,3,131801040000,RHINEBECK,6.0,LOW NEEDS,13.0,DUTCHESS,0.0,183,164,118.0,72.0,7,0.7195121951219512,0.43902439024390244,0.8961748633879781,低N/RC
AP,3,132201040000,MILLBROOK,6.0,LOW NEEDS,13.0,DUTCHESS,0.0,108,86,47.0,18.0,9,0.5465116279069767,0.20930232558139536,0.7962962962962963,低N/RC
AP,3,140201060000,AMHERST,5.0,AVERAGE NEEDS,14.0,ERIE,0.0,577,550,481.0,328.0,17,0.8745454545454545,0.5963636363636363,0.9532062391681109,平均
AP,3,140203060000,WILLIAMSVILLE,5.0,AVERAGE NEEDS,14.0,ERIE,0.0,2370,2318,2015.0,1456.0,27,0.869283865401208,0.6281276962899051,0.9780590717299578,平均
AP,3,140207060000,SWEET HOME,5.0,AVERAGE NEEDS,14.0,ERIE,0.0,259,239,156.0,83.0,13,0.6527196652719666,0.3472803347280335,0.9227799227799228,平均
AP,3,140301030000,EAST AURORA,6.0,LOW NEEDS,14.0,ERIE,0.0,379,356,321.0,217.0,11,0.901685393258427,0.6095505617977528,0.9393139841688655,低N/RC
AP,3,140600010000,BUFFALO,2.0,LARGE CITY,14.0,ERIE,0.0,2519,2391,795.0,333.0,20,0.3324968632371393,0.13927227101631118,0.9491861849940453,大城市
AP,3,140701060000,CHEEKTOWAGA,5.0,AVERAGE NEEDS,14.0,ERIE,0.0,109,104,61.0,27.0,2,0.5865384615384616,0.25961538461538464,0.9541284403669725,平均
AP,3,140702030000,MARYVALE,5.0,AVERAGE NEEDS,14.0,ERIE,0.0,131,118,85.0,50.0,7,0.7203389830508474,0.423728813559322,0.9007633587786259,平均
AP,3,140707030000,DEPEW,5.0,AVERAGE NEEDS,14.0,ERIE,0.0,178,167,112.0,55.0,6,0.6706586826347305,0.32934131736526945,0.9382022471910112,平均
AP,3,140709030000,SLOAN,3.0,URBAN/SUBURBAN/HIGH NEEDS,14.0,ERIE,0.0,99,97,56.0,30.0,1,0.5773195876288659,0.30927835051546393,0.9797979797979798,城市-郊区
AP,3,140801060000,CLARENCE,6.0,LOW NEEDS,14.0,ERIE,0.0,769,742,607.0,395.0,13,0.8180592991913747,0.532345013477089,0.9648894668400521,低N/RC
AP,3,141101060000,SPRINGVILLE-GRIFF,5.0,AVERAGE NEEDS,14.0,ERIE,0.0,112,104,89.0,62.0,4,0.8557692307692307,0.5961538461538461,0.9285714285714286,平均
AP,3,141201060000,EDEN,5.0,AVERAGE NEEDS,14.0,ERIE,0.0,110,104,76.0,57.0,3,0.7307692307692307,0.5480769230769231,0.9454545454545454,平均
AP,3,141301060000,IROQUOIS,5.0,AVERAGE NEEDS,14.0,ERIE,0.0,318,288,210.0,121.0,14,0.7291666666666666,0.4201388888888889,0.9056603773584906,平均
AP,3,141401060000,EVANS-BRANT,5.0,AVERAGE NEEDS,14.0,ERIE,0.0,134,106,68.0,28.0,9,0.6415094339622641,0.2641509433962264,0.7910447761194029,平均
AP,3,141501060000,GRAND ISLAND,5.0,AVERAGE NEEDS,14.0,ERIE,0.0,413,405,306.0,148.0,5,0.7555555555555555,0.3654320987654321,0.9806295399515739,平均
AP,3,141604060000,FRONTIER,5.0,AVERAGE NEEDS,14.0,ERIE,0.0,401,381,264.0,132.0,10,0.6929133858267716,0.3464566929133858,0.9501246882793017,平均
AP,3,141701040000,HOLLAND,5.0,AVERAGE NEEDS,14.0,ERIE,0.0,45,39,34.0,24.0,5,0.8717948717948718,0.6153846153846154,0.8666666666666667,平均
AP,3,141901060000,LANCASTER,5.0,AVERAGE NEEDS,14.0,ERIE,0.0,557,534,430.0,244.0,13,0.8052434456928839,0.45692883895131087,0.9587073608617595,平均
AP,3,142101040000,AKRON,5.0,AVERAGE NEEDS,14.0,ERIE,0.0,65,52,46.0,38.0,8,0.8846153846153846,0.7307692307692307,0.8,平均
AP,3,142301060000,ORCHARD PARK,6.0,LOW NEEDS,14.0,ERIE,0.0,692,669,557.0,357.0,12,0.8325859491778774,0.5336322869955157,0.9667630057803468,低N/RC
AP,3,142500010000,TONAWANDA,5.0,AVERAGE NEEDS,14.0,ERIE,0.0,78,69,53.0,33.0,5,0.7681159420289855,0.4782608695652174,0.8846153846153846,平均
AP,3,142601030000,KENMORE,5.0,AVERAGE NEEDS,14.0,ERIE,0.0,500,483,328.0,161.0,10,0.6790890269151139,0.3333333333333333,0.966,平均
AP,3,142801060000,WEST SENECA,5.0,AVERAGE NEEDS,14.0,ERIE,0.0,295,292,247.0,157.0,1,0.8458904109589042,0.5376712328767124,0.9898305084745763,平均
AP,3,150601040000,KEENE,6.0,LOW NEEDS,15.0,ESSEX,0.0,12,0,0.0,0.0,4,,,0.0,低N/RC
AP,3,151102040000,LAKE PLACID,5.0,AVERAGE NEEDS,15.0,ESSEX,0.0,32,19,14.0,8.0,4,0.7368421052631579,0.42105263157894735,0.59375,平均
AP,3,151501060000,TICONDEROGA,4.0,RURAL HIGH NEEDS,15.0,ESSEX,0.0,20,20,14.0,10.0,0,0.7,0.5,1.0,农村
AP,3,151801040000,BOQUET VALLEY CSD,4.0,RURAL HIGH NEEDS,15.0,ESSEX,0.0,15,12,8.0,0.0,2,0.6666666666666666,0.0,0.8,农村
AP,3,160101060000,TUPPER LAKE,5.0,AVERAGE NEEDS,16.0,FRANKLIN,0.0,8,6,5.0,0.0,1,0.8333333333333334,0.0,0.75,平均
AP,3,161201040000,SALMON RIVER,4.0,RURAL HIGH NEEDS,16.0,FRANKLIN,0.0,21,17,8.0,3.0,2,0.47058823529411764,0.17647058823529413,0.8095238095238095,农村
AP,3,161401060000,SARANAC LAKE,5.0,AVERAGE NEEDS,16.0,FRANKLIN,0.0,71,71,59.0,37.0,0,0.8309859154929577,0.5211267605633803,1.0,平均
AP,3,161501060000,MALONE,4.0,RURAL HIGH NEEDS,16.0,FRANKLIN,0.0,42,32,24.0,11.0,4,0.75,0.34375,0.7619047619047619,农村
AP,3,170500010000,GLOVERSVILLE,4.0,RURAL HIGH NEEDS,17.0,FULTON,0.0,17,12,4.0,2.0,3,0.3333333333333333,0.16666666666666666,0.7058823529411765,农村
AP,3,170600010000,JOHNSTOWN,5.0,AVERAGE NEEDS,17.0,FULTON,0.0,67,60,31.0,10.0,5,0.5166666666666667,0.16666666666666666,0.8955223880597015,平均
AP,3,170801040000,MAYFIELD,5.0,AVERAGE NEEDS,17.0,FULTON,0.0,1,0,0.0,0.0,1,,,0.0,平均
AP,3,171102040000,BROADALBIN-PERTH,5.0,AVERAGE NEEDS,17.0,FULTON,0.0,119,89,65.0,35.0,12,0.7303370786516854,0.39325842696629215,0.7478991596638656,平均
AP,3,180202040000,ALEXANDER,5.0,AVERAGE NEEDS,18.0,GENESEE,0.0,31,15,14.0,9.0,7,0.9333333333333333,0.6,0.4838709677419355,平均
AP,3,180300010000,BATAVIA,4.0,RURAL HIGH NEEDS,18.0,GENESEE,0.0,116,96,68.0,39.0,11,0.7083333333333334,0.40625,0.8275862068965517,农村
AP,3,180701040000,BYRON BERGEN,5.0,AVERAGE NEEDS,18.0,GENESEE,0.0,89,88,67.0,35.0,1,0.7613636363636364,0.3977272727272727,0.9887640449438202,平均
AP,3,180901040000,ELBA,5.0,AVERAGE NEEDS,18.0,GENESEE,0.0,17,11,6.0,3.0,3,0.5454545454545454,0.2727272727272727,0.6470588235294118,平均
AP,3,181001060000,LE ROY,5.0,AVERAGE NEEDS,18.0,GENESEE,0.0,100,92,78.0,49.0,2,0.8478260869565217,0.532608695652174,0.92,平均
AP,3,181101040000,OAKFIELD ALABAMA,5.0,AVERAGE NEEDS,18.0,GENESEE,0.0,79,70,56.0,32.0,3,0.8,0.45714285714285713,0.8860759493670886,平均
AP,3,181201040000,PAVILION,5.0,AVERAGE NEEDS,18.0,GENESEE,0.0,39,25,22.0,10.0,5,0.88,0.4,0.6410256410256411,平均
AP,3,181302040000,PEMBROKE,5.0,AVERAGE NEEDS,18.0,GENESEE,0.0,60,49,38.0,20.0,5,0.7755102040816326,0.40816326530612246,0.8166666666666667,平均
AP,3,190301040000,CAIRO-DURHAM,5.0,AVERAGE NEEDS,19.0,GREENE,0.0,58,38,35.0,21.0,9,0.9210526315789473,0.5526315789473685,0.6551724137931034,平均
AP,3,190401060000,CATSKILL,5.0,AVERAGE NEEDS,19.0,GREENE,0.0,69,50,35.0,18.0,7,0.7,0.36,0.7246376811594203,平均
AP,3,190701040000,GREENVILLE,5.0,AVERAGE NEEDS,19.0,GREENE,0.0,107,104,54.0,25.0,3,0.5192307692307693,0.2403846153846154,0.9719626168224299,平均
AP,3,200701040000,LONG LAKE,6.0,LOW NEEDS,20.0,HAMILTON,0.0,1,0,0.0,0.0,1,,,0.0,低N/RC
AP,3,200901040000,WELLS,5.0,AVERAGE NEEDS,20.0,HAMILTON,0.0,12,5,1.0,1.0,4,0.2,0.2,0.4166666666666667,平均
AP,3,20101040000,ALFRED ALMOND,5.0,AVERAGE NEEDS,2.0,ALLEGANY,0.0,48,44,35.0,25.0,3,0.7954545454545454,0.5681818181818182,0.9166666666666666,平均
AP,3,210302040000,WEST CANADA VALLEY,5.0,AVERAGE NEEDS,21.0,HERKIMER,0.0,50,47,17.0,5.0,1,0.3617021276595745,0.10638297872340426,0.94,平均
AP,3,210402060000,FRANKFORT-SCHUYLER,5.0,AVERAGE NEEDS,21.0,HERKIMER,0.0,5,5,4.0,4.0,0,0.8,0.8,1.0,平均
AP,3,210601060000,HERKIMER,4.0,RURAL HIGH NEEDS,21.0,HERKIMER,0.0,32,31,8.0,1.0,1,0.25806451612903225,0.03225806451612903,0.96875,农村
AP,3,212001040000,MOUNT MARKHAM,4.0,RURAL HIGH NEEDS,21.0,HERKIMER,0.0,76,73,28.0,7.0,1,0.3835616438356164,0.0958904109589041,0.9605263157894737,农村
AP,3,212101040000,C-V AT ILION-MOHAWK CSD,4.0,RURAL HIGH NEEDS,21.0,HERKIMER,0.0,24,24,22.0,5.0,0,0.9166666666666666,0.20833333333333334,1.0,农村
AP,3,220701040000,THOUSAND ISLANDS,5.0,AVERAGE NEEDS,22.0,JEFFERSON,0.0,18,13,13.0,8.0,2,1.0,0.6153846153846154,0.7222222222222222,平均
AP,3,222201060000,CARTHAGE,4.0,RURAL HIGH NEEDS,22.0,JEFFERSON,0.0,162,144,86.0,47.0,8,0.5972222222222222,0.3263888888888889,0.8888888888888888,农村
AP,3,22601060000,WELLSVILLE,4.0,RURAL HIGH NEEDS,2.0,ALLEGANY,0.0,39,30,22.0,11.0,3,0.7333333333333333,0.36666666666666664,0.7692307692307693,农村
AP,3,230201040000,COPENHAGEN,4.0,RURAL HIGH NEEDS,23.0,LEWIS,0.0,23,17,10.0,4.0,4,0.5882352941176471,0.23529411764705882,0.7391304347826086,农村
AP,3,230901040000,LOWVILLE,4.0,RURAL HIGH NEEDS,23.0,LEWIS,0.0,38,25,24.0,19.0,5,0.96,0.76,0.6578947368421053,农村
AP,3,240101040000,AVON,5.0,AVERAGE NEEDS,24.0,LIVINGSTON,0.0,151,149,94.0,38.0,2,0.6308724832214765,0.2550335570469799,0.9867549668874173,平均
AP,3,240201040000,CALEDONIA MUMFORD,5.0,AVERAGE NEEDS,24.0,LIVINGSTON,0.0,122,115,86.0,51.0,2,0.7478260869565218,0.4434782608695652,0.9426229508196722,平均
AP,3,240401040000,GENESEO,5.0,AVERAGE NEEDS,24.0,LIVINGSTON,0.0,107,90,85.0,62.0,7,0.9444444444444444,0.6888888888888889,0.8411214953271028,平均
AP,3,240801060000,LIVONIA,5.0,AVERAGE NEEDS,24.0,LIVINGSTON,0.0,270,265,193.0,111.0,4,0.7283018867924528,0.4188679245283019,0.9814814814814815,平均
AP,3,241001060000,DANSVILLE,4.0,RURAL HIGH NEEDS,24.0,LIVINGSTON,0.0,86,65,47.0,30.0,12,0.7230769230769231,0.46153846153846156,0.7558139534883721,农村
AP,3,241101040000,DALTON-NUNDA,5.0,AVERAGE NEEDS,24.0,LIVINGSTON,0.0,5,0,0.0,0.0,3,,,0.0,平均
AP,3,250201060000,CAZENOVIA,5.0,AVERAGE NEEDS,25.0,MADISON,0.0,335,328,252.0,153.0,6,0.7682926829268293,0.46646341463414637,0.9791044776119403,平均
AP,3,250701040000,HAMILTON,5.0,AVERAGE NEEDS,25.0,MADISON,0.0,136,129,95.0,65.0,4,0.7364341085271318,0.5038759689922481,0.9485294117647058,平均
AP,3,251400010000,ONEIDA,5.0,AVERAGE NEEDS,25.0,MADISON,0.0,124,118,80.0,52.0,2,0.6779661016949152,0.4406779661016949,0.9516129032258065,平均
AP,3,251601060000,CHITTENANGO,5.0,AVERAGE NEEDS,25.0,MADISON,0.0,213,193,118.0,59.0,11,0.6113989637305699,0.30569948186528495,0.9061032863849765,平均
AP,3,260101060000,BRIGHTON,6.0,LOW NEEDS,26.0,MONROE,0.0,1131,1080,952.0,698.0,27,0.8814814814814815,0.6462962962962963,0.9549071618037135,低N/RC
AP,3,260401060000,GATES CHILI,5.0,AVERAGE NEEDS,26.0,MONROE,0.0,201,176,108.0,61.0,9,0.6136363636363636,0.3465909090909091,0.8756218905472637,平均
AP,3,260501060000,GREECE,5.0,AVERAGE NEEDS,26.0,MONROE,0.0,860,839,489.0,228.0,13,0.5828367103694875,0.27175208581644816,0.9755813953488373,平均
AP,3,260801060000,EAST IRONDEQUOIT,5.0,AVERAGE NEEDS,26.0,MONROE,0.0,177,171,106.0,46.0,3,0.6198830409356725,0.26900584795321636,0.9661016949152542,平均
AP,3,260803060000,WEST IRONDEQUOIT,5.0,AVERAGE NEEDS,26.0,MONROE,0.0,414,390,309.0,211.0,11,0.7923076923076923,0.541025641025641,0.9420289855072463,平均
AP,3,260901060000,HONEOYE FALLS-LIMA,5.0,AVERAGE NEEDS,26.0,MONROE,0.0,560,539,462.0,329.0,11,0.8571428571428571,0.6103896103896104,0.9625,平均
AP,3,261001060000,SPENCERPORT,5.0,AVERAGE NEEDS,26.0,MONROE,0.0,397,376,258.0,135.0,11,0.6861702127659575,0.35904255319148937,0.947103274559194,平均
AP,3,261101060000,HILTON,5.0,AVERAGE NEEDS,26.0,MONROE,0.0,391,376,252.0,130.0,8,0.6702127659574468,0.34574468085106386,0.9616368286445013,平均
AP,3,261201060000,PENFIELD,5.0,AVERAGE NEEDS,26.0,MONROE,0.0,785,768,620.0,426.0,9,0.8072916666666666,0.5546875,0.978343949044586,平均
AP,3,261301060000,FAIRPORT,5.0,AVERAGE NEEDS,26.0,MONROE,0.0,774,748,667.0,467.0,14,0.8917112299465241,0.6243315508021391,0.9664082687338501,平均
AP,3,261313030000,EAST ROCHESTER,5.0,AVERAGE NEEDS,26.0,MONROE,0.0,86,69,49.0,18.0,4,0.7101449275362319,0.2608695652173913,0.8023255813953488,平均
AP,3,261401060000,PITTSFORD,6.0,LOW NEEDS,26.0,MONROE,0.0,2199,2148,1963.0,1533.0,38,0.9138733705772812,0.7136871508379888,0.9768076398362893,低N/RC
AP,3,261501060000,CHURCHVILLE CHILI,5.0,AVERAGE NEEDS,26.0,MONROE,0.0,401,389,275.0,155.0,5,0.7069408740359897,0.39845758354755784,0.970074812967581,平均
AP,3,261600010000,ROCHESTER,2.0,LARGE CITY,26.0,MONROE,0.0,707,634,226.0,109.0,21,0.35646687697160884,0.1719242902208202,0.8967468175388967,大城市
AP,3,261701060000,RUSH HENRIETTA,5.0,AVERAGE NEEDS,26.0,MONROE,0.0,788,775,563.0,367.0,8,0.7264516129032258,0.4735483870967742,0.983502538071066,平均
AP,3,261801060000,BROCKPORT,5.0,AVERAGE NEEDS,26.0,MONROE,0.0,302,265,196.0,109.0,16,0.7396226415094339,0.41132075471698115,0.8774834437086093,平均
AP,3,261901060000,WEBSTER,5.0,AVERAGE NEEDS,26.0,MONROE,0.0,1583,1562,1214.0,800.0,11,0.7772087067861716,0.5121638924455826,0.9867340492735313,平均
AP,3,262001040000,WHEATLAND CHILI,5.0,AVERAGE NEEDS,26.0,MONROE,0.0,75,67,48.0,22.0,3,0.7164179104477612,0.3283582089552239,0.8933333333333333,平均
AP,3,270100010000,AMSTERDAM,4.0,RURAL HIGH NEEDS,27.0,MONTGOMERY,0.0,130,123,46.0,24.0,4,0.37398373983739835,0.1951219512195122,0.9461538461538461,农村
AP,3,270301040000,CANAJOHARIE,4.0,RURAL HIGH NEEDS,27.0,MONTGOMERY,0.0,76,76,44.0,26.0,0,0.5789473684210527,0.34210526315789475,1.0,农村
AP,3,270601040000,FONDA FULTONVILLE,5.0,AVERAGE NEEDS,27.0,MONTGOMERY,0.0,4,0,0.0,0.0,2,,,0.0,平均
AP,3,270701040000,FORT PLAIN,4.0,RURAL HIGH NEEDS,27.0,MONTGOMERY,0.0,14,11,8.0,2.0,1,0.7272727272727273,0.18181818181818182,0.7857142857142857,农村
AP,3,271201040000,OPPENHEIM-EPHRATAH-ST. JOHNSV,4.0,RURAL HIGH NEEDS,27.0,MONTGOMERY,0.0,6,6,5.0,0.0,0,0.8333333333333334,0.0,1.0,农村
AP,3,280100010000,GLEN COVE,5.0,AVERAGE NEEDS,28.0,NASSAU,0.0,637,609,380.0,188.0,13,0.6239737274220033,0.30870279146141216,0.9560439560439561,平均
AP,3,280201030000,HEMPSTEAD,3.0,URBAN/SUBURBAN/HIGH NEEDS,28.0,NASSAU,0.0,480,451,208.0,96.0,13,0.4611973392461197,0.21286031042128603,0.9395833333333333,城市-郊区
AP,3,280202030000,UNIONDALE,3.0,URBAN/SUBURBAN/HIGH NEEDS,28.0,NASSAU,0.0,861,814,438.0,191.0,21,0.538083538083538,0.23464373464373464,0.9454123112659698,城市-郊区
AP,3,280203030000,EAST MEADOW,6.0,LOW NEEDS,28.0,NASSAU,0.0,1504,1485,1290.0,844.0,10,0.8686868686868687,0.5683501683501684,0.9873670212765957,低N/RC
AP,3,280205030000,LEVITTOWN,5.0,AVERAGE NEEDS,28.0,NASSAU,0.0,1744,1703,1213.0,746.0,17,0.7122724603640634,0.4380504991192014,0.9764908256880734,平均
AP,3,280206030000,SEAFORD,6.0,LOW NEEDS,28.0,NASSAU,0.0,621,595,421.0,202.0,13,0.7075630252100841,0.33949579831932775,0.9581320450885669,低N/RC
AP,3,280208030000,ROOSEVELT,3.0,URBAN/SUBURBAN/HIGH NEEDS,28.0,NASSAU,0.0,218,195,70.0,21.0,8,0.358974358974359,0.1076923076923077,0.8944954128440367,城市-郊区
AP,3,280209030000,FREEPORT,3.0,URBAN/SUBURBAN/HIGH NEEDS,28.0,NASSAU,0.0,808,755,410.0,218.0,23,0.543046357615894,0.28874172185430463,0.9344059405940595,城市-郊区
AP,3,280210030000,BALDWIN,6.0,LOW NEEDS,28.0,NASSAU,0.0,996,973,664.0,398.0,15,0.6824254881808839,0.4090441932168551,0.9769076305220884,低N/RC
AP,3,280211030000,OCEANSIDE,6.0,LOW NEEDS,28.0,NASSAU,0.0,1125,1078,731.0,437.0,21,0.6781076066790352,0.40538033395176254,0.9582222222222222,低N/RC
AP,3,280212030000,MALVERNE,5.0,AVERAGE NEEDS,28.0,NASSAU,0.0,414,401,311.0,166.0,9,0.7755610972568578,0.4139650872817955,0.9685990338164251,平均
AP,3,280214030000,HEWLETT WOODMERE,6.0,LOW NEEDS,28.0,NASSAU,0.0,864,824,648.0,393.0,20,0.7864077669902912,0.47694174757281554,0.9537037037037037,低N/RC
AP,3,280215030000,LAWRENCE,5.0,AVERAGE NEEDS,28.0,NASSAU,0.0,236,201,136.0,69.0,9,0.6766169154228856,0.34328358208955223,0.8516949152542372,平均
AP,3,280218030000,GARDEN CITY,6.0,LOW NEEDS,28.0,NASSAU,0.0,1572,1539,1309.0,906.0,20,0.8505523066926576,0.5886939571150097,0.9790076335877863,低N/RC
AP,3,280219030000,EAST ROCKAWAY,5.0,AVERAGE NEEDS,28.0,NASSAU,0.0,286,268,186.0,97.0,10,0.6940298507462687,0.3619402985074627,0.9370629370629371,平均
AP,3,280220030000,LYNBROOK,6.0,LOW NEEDS,28.0,NASSAU,0.0,961,936,532.0,314.0,16,0.5683760683760684,0.33547008547008544,0.9739854318418314,低N/RC
AP,3,280221030000,ROCKVILLE CENTRE,6.0,LOW NEEDS,28.0,NASSAU,0.0,155,149,101.0,57.0,6,0.6778523489932886,0.3825503355704698,0.9612903225806452,低N/RC
AP,3,280223030000,WANTAGH,6.0,LOW NEEDS,28.0,NASSAU,0.0,693,678,526.0,329.0,10,0.775811209439528,0.48525073746312686,0.9783549783549783,低N/RC
AP,3,280226030000,ISLAND TREES,5.0,AVERAGE NEEDS,28.0,NASSAU,0.0,636,611,438.0,242.0,10,0.7168576104746317,0.3960720130932897,0.960691823899371,平均
AP,3,280227030000,WEST HEMPSTEAD,5.0,AVERAGE NEEDS,28.0,NASSAU,0.0,329,309,209.0,98.0,5,0.6763754045307443,0.31715210355987056,0.939209726443769,平均
AP,3,280251070000,VALLEY STREAM CHS,6.0,LOW NEEDS,28.0,NASSAU,0.0,2975,2953,2087.0,1144.0,15,0.7067389095834744,0.38740264138164576,0.9926050420168068,低N/RC
AP,3,280252070000,SEWANHAKA,6.0,LOW NEEDS,28.0,NASSAU,0.0,4804,4753,2984.0,1682.0,27,0.6278140122028193,0.35388175888912266,0.9893838467943381,低N/RC
AP,3,280253070000,BELLMORE-MERRICK,6.0,LOW NEEDS,28.0,NASSAU,0.0,3620,3601,2667.0,1620.0,11,0.7406276034434879,0.44987503471257984,0.9947513812154696,低N/RC
AP,3,280300010000,LONG BEACH,5.0,AVERAGE NEEDS,28.0,NASSAU,0.0,387,363,240.0,152.0,13,0.6611570247933884,0.418732782369146,0.937984496124031,平均
AP,3,280401030000,WESTBURY,3.0,URBAN/SUBURBAN/HIGH NEEDS,28.0,NASSAU,0.0,269,263,181.0,106.0,3,0.688212927756654,0.40304182509505704,0.9776951672862454,城市-郊区
AP,3,280402030000,EAST WILLISTON,6.0,LOW NEEDS,28.0,NASSAU,0.0,948,906,735.0,479.0,23,0.8112582781456954,0.5286975717439294,0.9556962025316456,低N/RC
AP,3,280403030000,ROSLYN,6.0,LOW NEEDS,28.0,NASSAU,0.0,1558,1535,1215.0,875.0,11,0.7915309446254072,0.5700325732899023,0.9852374839537869,低N/RC
AP,3,280404030000,PORT WASHINGTON,6.0,LOW NEEDS,28.0,NASSAU,0.0,1866,1832,1523.0,1048.0,18,0.8313318777292577,0.5720524017467249,0.9817792068595927,低N/RC
AP,3,280406030000,MANHASSET,6.0,LOW NEEDS,28.0,NASSAU,0.0,1787,1763,1490.0,1086.0,14,0.845150311968236,0.6159954622802042,0.9865696698377169,低N/RC
AP,3,280407030000,GREAT NECK,6.0,LOW NEEDS,28.0,NASSAU,0.0,3261,3217,2910.0,2364.0,23,0.9045694746658377,0.7348461299347218,0.9865072063784115,低N/RC
AP,3,280409030000,HERRICKS,6.0,LOW NEEDS,28.0,NASSAU,0.0,2400,2377,1885.0,1258.0,10,0.7930164072360117,0.5292385359697097,0.9904166666666666,低N/RC
AP,3,280410030000,MINEOLA,6.0,LOW NEEDS,28.0,NASSAU,0.0,834,817,542.0,278.0,9,0.6634026927784578,0.3402692778457772,0.9796163069544365,低N/RC
AP,3,280411030000,CARLE PLACE,6.0,LOW NEEDS,28.0,NASSAU,0.0,279,258,199.0,109.0,13,0.7713178294573644,0.42248062015503873,0.9247311827956989,低N/RC
AP,3,280501060000,NORTH SHORE,6.0,LOW NEEDS,28.0,NASSAU,0.0,627,597,496.0,331.0,15,0.830820770519263,0.5544388609715243,0.9521531100478469,低N/RC
AP,3,280502060000,SYOSSET,6.0,LOW NEEDS,28.0,NASSAU,0.0,3391,3336,2936.0,2218.0,31,0.8800959232613909,0.6648681055155875,0.9837805956944854,低N/RC
AP,3,280503060000,LOCUST VALLEY,6.0,LOW NEEDS,28.0,NASSAU,0.0,203,167,122.0,85.0,18,0.7305389221556886,0.5089820359281437,0.8226600985221675,低N/RC
AP,3,280504060000,PLAINVIEW,6.0,LOW NEEDS,28.0,NASSAU,0.0,2113,2075,1831.0,1221.0,17,0.8824096385542168,0.588433734939759,0.9820160908660672,低N/RC
AP,3,280506060000,OYSTER BAY,6.0,LOW NEEDS,28.0,NASSAU,0.0,388,351,267.0,151.0,14,0.7606837606837606,0.4301994301994302,0.904639175257732,低N/RC
AP,3,280515030000,JERICHO,6.0,LOW NEEDS,28.0,NASSAU,0.0,2501,2477,2043.0,1394.0,12,0.8247880500605571,0.5627775534921275,0.9904038384646141,低N/RC
AP,3,280517030000,HICKSVILLE,5.0,AVERAGE NEEDS,28.0,NASSAU,0.0,994,957,743.0,462.0,17,0.7763845350052246,0.4827586206896552,0.9627766599597586,平均
AP,3,280518030000,PLAINEDGE,6.0,LOW NEEDS,28.0,NASSAU,0.0,432,405,306.0,167.0,11,0.7555555555555555,0.4123456790123457,0.9375,低N/RC
AP,3,280521030000,BETHPAGE,6.0,LOW NEEDS,28.0,NASSAU,0.0,920,869,757.0,485.0,23,0.8711162255466053,0.5581127733026467,0.9445652173913044,低N/RC
AP,3,280522030000,FARMINGDALE,5.0,AVERAGE NEEDS,28.0,NASSAU,0.0,768,726,513.0,281.0,21,0.7066115702479339,0.38705234159779617,0.9453125,平均
AP,3,280523030000,MASSAPEQUA,6.0,LOW NEEDS,28.0,NASSAU,0.0,1532,1519,1219.0,753.0,6,0.8025016458196181,0.4957208689927584,0.991514360313316,低N/RC
AP,3,30101060000,CHENANGO FORKS,5.0,AVERAGE NEEDS,3.0,BROOME,0.0,26,25,17.0,11.0,1,0.68,0.44,0.9615384615384616,平均
AP,3,30200010000,BINGHAMTON,3.0,URBAN/SUBURBAN/HIGH NEEDS,3.0,BROOME,0.0,162,161,58.0,21.0,1,0.36024844720496896,0.13043478260869565,0.9938271604938271,城市-郊区
AP,3,30601060000,SUSQUEHANNA VALLEY,5.0,AVERAGE NEEDS,3.0,BROOME,0.0,90,85,57.0,23.0,3,0.6705882352941176,0.27058823529411763,0.9444444444444444,平均
AP,3,30701060000,CHENANGO VALLEY,4.0,RURAL HIGH NEEDS,3.0,BROOME,0.0,95,81,58.0,29.0,5,0.7160493827160493,0.35802469135802467,0.8526315789473684,农村
AP,3,310100010000,NYC GEOG DIST # 1 - MANHATTAN,1.0,NEW YORK CITY,31.0,NEW YORK,1.0,1622,1566,1079.0,698.0,21,0.6890166028097062,0.44572158365261816,0.9654747225647349,纽约市
AP,3,310200010000,NYC GEOG DIST # 2 - MANHATTAN,1.0,NEW YORK CITY,31.0,NEW YORK,1.0,10035,9980,6686.0,4894.0,27,0.6699398797595191,0.4903807615230461,0.9945191828599901,纽约市
AP,3,310300010000,NYC GEOG DIST # 3 - MANHATTAN,1.0,NEW YORK CITY,31.0,NEW YORK,1.0,4323,4278,2399.0,1485.0,19,0.5607760635811126,0.34712482468443195,0.9895905621096461,纽约市
AP,3,310400010000,NYC GEOG DIST # 4 - MANHATTAN,1.0,NEW YORK CITY,31.0,NEW YORK,1.0,2375,2351,1270.0,576.0,14,0.5401956614206721,0.24500212675457253,0.9898947368421053,纽约市
AP,3,310500010000,NYC GEOG DIST # 5 - MANHATTAN,1.0,NEW YORK CITY,31.0,NEW YORK,1.0,1358,1310,1004.0,766.0,19,0.766412213740458,0.5847328244274809,0.9646539027982327,纽约市
AP,3,310600010000,NYC GEOG DIST # 6 - MANHATTAN,1.0,NEW YORK CITY,31.0,NEW YORK,1.0,1417,1337,529.0,228.0,17,0.3956619296933433,0.1705310396409873,0.9435426958362738,纽约市
AP,3,31301040000,DEPOSIT,4.0,RURAL HIGH NEEDS,3.0,DELAWARE,0.0,14,14,6.0,1.0,0,0.42857142857142855,0.07142857142857142,1.0,农村
AP,3,31601060000,VESTAL,5.0,AVERAGE NEEDS,3.0,BROOME,0.0,269,254,215.0,145.0,7,0.8464566929133859,0.5708661417322834,0.9442379182156134,平均
AP,3,31701060000,WINDSOR,5.0,AVERAGE NEEDS,3.0,BROOME,0.0,59,58,34.0,11.0,1,0.5862068965517241,0.1896551724137931,0.9830508474576272,平均
AP,3,320700010000,NYC GEOG DIST # 7 - BRONX,1.0,NEW YORK CITY,32.0,BRONX,1.0,991,912,248.0,94.0,11,0.2719298245614035,0.10307017543859649,0.9202825428859738,纽约市
AP,3,320800010000,NYC GEOG DIST # 8 - BRONX,1.0,NEW YORK CITY,32.0,BRONX,1.0,1049,962,248.0,90.0,14,0.2577962577962578,0.09355509355509356,0.9170638703527169,纽约市
AP,3,320900010000,NYC GEOG DIST # 9 - BRONX,1.0,NEW YORK CITY,32.0,BRONX,1.0,1258,1227,488.0,227.0,10,0.39771801140994295,0.1850040749796251,0.9753577106518283,纽约市
AP,3,321000010000,NYC GEOG DIST #10 - BRONX,1.0,NEW YORK CITY,32.0,BRONX,1.0,8857,8796,6330.0,4737.0,23,0.7196452933151433,0.5385402455661664,0.9931127921418087,纽约市
AP,3,321100010000,NYC GEOG DIST #11 - BRONX,1.0,NEW YORK CITY,32.0,BRONX,1.0,1633,1528,521.0,199.0,13,0.34096858638743455,0.13023560209424084,0.9357011635027557,纽约市
AP,3,321200010000,NYC GEOG DIST #12 - BRONX,1.0,NEW YORK CITY,32.0,BRONX,1.0,1190,1045,224.0,100.0,11,0.21435406698564594,0.09569377990430622,0.8781512605042017,纽约市
AP,3,331300010000,NYC GEOG DIST #13 - BROOKLYN,1.0,NEW YORK CITY,33.0,KINGS,1.0,10744,10696,9182.0,7319.0,21,0.8584517576664173,0.6842744951383695,0.9955323901712584,纽约市
AP,3,331400010000,NYC GEOG DIST #14 - BROOKLYN,1.0,NEW YORK CITY,33.0,KINGS,1.0,1394,1301,400.0,171.0,17,0.3074558032282859,0.13143735588009223,0.9332855093256814,纽约市
AP,3,331500010000,NYC GEOG DIST #15 - BROOKLYN,1.0,NEW YORK CITY,33.0,KINGS,1.0,1091,1037,551.0,318.0,15,0.5313404050144648,0.30665380906460943,0.9505041246562786,纽约市
AP,3,331600010000,NYC GEOG DIST #16 - BROOKLYN,1.0,NEW YORK CITY,33.0,KINGS,1.0,213,159,61.0,8.0,5,0.3836477987421384,0.050314465408805034,0.7464788732394366,纽约市
AP,3,331700010000,NYC GEOG DIST #17 - BROOKLYN,1.0,NEW YORK CITY,33.0,KINGS,1.0,2559,2509,1062.0,393.0,18,0.42327620565962537,0.15663611000398564,0.980461117624072,纽约市
AP,3,331800010000,NYC GEOG DIST #18 - BROOKLYN,1.0,NEW YORK CITY,33.0,KINGS,1.0,598,475,63.0,7.0,11,0.13263157894736843,0.014736842105263158,0.794314381270903,纽约市
AP,3,331900010000,NYC GEOG DIST #19 - BROOKLYN,1.0,NEW YORK CITY,33.0,KINGS,1.0,1147,1022,185.0,66.0,14,0.18101761252446183,0.06457925636007827,0.8910200523103748,纽约市
AP,3,332000010000,NYC GEOG DIST #20 - BROOKLYN,1.0,NEW YORK CITY,33.0,KINGS,1.0,5447,5393,3100.0,1729.0,27,0.57481921008715,0.3206007787873169,0.9900862860290068,纽约市
AP,3,332100010000,NYC GEOG DIST #21 - BROOKLYN,1.0,NEW YORK CITY,33.0,KINGS,1.0,3415,3378,1843.0,870.0,21,0.5455891059798698,0.25754884547069273,0.9891654465592972,纽约市
AP,3,332200010000,NYC GEOG DIST #22 - BROOKLYN,1.0,NEW YORK CITY,33.0,KINGS,1.0,6812,6786,4958.0,3048.0,15,0.730621868552903,0.44916003536693194,0.9961832061068703,纽约市
AP,3,332300010000,NYC GEOG DIST #23 - BROOKLYN,1.0,NEW YORK CITY,33.0,KINGS,1.0,293,212,27.0,5.0,12,0.12735849056603774,0.02358490566037736,0.7235494880546075,纽约市
AP,3,333200010000,NYC GEOG DIST #32 - BROOKLYN,1.0,NEW YORK CITY,33.0,KINGS,1.0,1133,1056,422.0,166.0,16,0.3996212121212121,0.1571969696969697,0.9320388349514563,纽约市
AP,3,342400010000,NYC GEOG DIST #24 - QUEENS,1.0,NEW YORK CITY,34.0,QUEENS,1.0,4872,4841,2387.0,1169.0,17,0.4930799421607106,0.2414790332575914,0.9936371100164204,纽约市
AP,3,342500010000,NYC GEOG DIST #25 - QUEENS,1.0,NEW YORK CITY,34.0,QUEENS,1.0,5583,5549,3245.0,1737.0,19,0.5847900522616688,0.3130293746621013,0.9939100841841304,纽约市
AP,3,342600010000,NYC GEOG DIST #26 - QUEENS,1.0,NEW YORK CITY,34.0,QUEENS,1.0,7667,7621,5000.0,2987.0,18,0.6560818790185015,0.3919433145256528,0.9940002608582236,纽约市
AP,3,342700010000,NYC GEOG DIST #27  - QUEENS,1.0,NEW YORK CITY,34.0,QUEENS,1.0,3827,3763,1485.0,643.0,10,0.39463194259899015,0.17087430241828327,0.9832767180559184,纽约市
AP,3,342800010000,NYC GEOG DIST #28 - QUEENS,1.0,NEW YORK CITY,34.0,QUEENS,1.0,6329,6278,3540.0,1941.0,20,0.5638738451736222,0.309174896463842,0.9919418549533892,纽约市
AP,3,342900010000,NYC GEOG DIST #29 - QUEENS,1.0,NEW YORK CITY,34.0,QUEENS,1.0,1374,1288,272.0,52.0,14,0.2111801242236025,0.040372670807453416,0.9374090247452693,纽约市
AP,3,343000010000,NYC GEOG DIST #30 - QUEENS,1.0,NEW YORK CITY,34.0,QUEENS,1.0,3222,3167,1611.0,865.0,13,0.5086832964951058,0.2731291443005999,0.9829298572315333,纽约市
AP,3,353100010000,NYC GEOG DIST #31 - SI,1.0,NEW YORK CITY,35.0,RICHMOND,1.0,8759,8712,5593.0,3458.0,19,0.6419880624426079,0.3969237832874197,0.9946340906496175,纽约市
AP,3,400301060000,LEWISTON PORTER,5.0,AVERAGE NEEDS,40.0,NIAGARA,0.0,203,184,165.0,105.0,11,0.8967391304347826,0.5706521739130435,0.9064039408866995,平均
AP,3,400400010000,LOCKPORT,5.0,AVERAGE NEEDS,40.0,NIAGARA,0.0,273,263,154.0,58.0,4,0.5855513307984791,0.22053231939163498,0.9633699633699634,平均
AP,3,400601060000,NEWFANE,5.0,AVERAGE NEEDS,40.0,NIAGARA,0.0,174,169,76.0,29.0,4,0.44970414201183434,0.17159763313609466,0.9712643678160919,平均
AP,3,400701060000,NIAGARA WHEATFIELD,5.0,AVERAGE NEEDS,40.0,NIAGARA,0.0,250,241,166.0,79.0,6,0.6887966804979253,0.3278008298755187,0.964,平均
AP,3,400800010000,NIAGARA FALLS,3.0,URBAN/SUBURBAN/HIGH NEEDS,40.0,NIAGARA,0.0,348,339,149.0,60.0,3,0.43952802359882004,0.17699115044247787,0.9741379310344828,城市-郊区
AP,3,400900010000,NORTH TONAWANDA,5.0,AVERAGE NEEDS,40.0,NIAGARA,0.0,196,188,139.0,76.0,5,0.7393617021276596,0.40425531914893614,0.9591836734693877,平均
AP,3,401001060000,STARPOINT,5.0,AVERAGE NEEDS,40.0,NIAGARA,0.0,473,463,322.0,172.0,8,0.6954643628509719,0.3714902807775378,0.9788583509513742,平均
AP,3,401301040000,BARKER,5.0,AVERAGE NEEDS,40.0,NIAGARA,0.0,39,35,21.0,10.0,2,0.6,0.2857142857142857,0.8974358974358975,平均
AP,3,411101060000,CLINTON,5.0,AVERAGE NEEDS,41.0,ONEIDA,0.0,190,181,154.0,102.0,5,0.850828729281768,0.56353591160221,0.9526315789473684,平均
AP,3,411501060000,NEW HARTFORD,6.0,LOW NEEDS,41.0,ONEIDA,0.0,890,873,589.0,368.0,11,0.6746849942726232,0.4215349369988545,0.9808988764044944,低N/RC
AP,3,411504020000,NEW YORK MILLS,5.0,AVERAGE NEEDS,41.0,ONEIDA,0.0,5,0,0.0,0.0,2,,,0.0,平均
AP,3,411800010000,ROME,3.0,URBAN/SUBURBAN/HIGH NEEDS,41.0,ONEIDA,0.0,297,286,138.0,52.0,5,0.4825174825174825,0.18181818181818182,0.9629629629629629,城市-郊区
AP,3,411902040000,WATERVILLE,5.0,AVERAGE NEEDS,41.0,ONEIDA,0.0,42,38,21.0,9.0,2,0.5526315789473685,0.23684210526315788,0.9047619047619048,平均
AP,3,412000050000,SHERRILL,5.0,AVERAGE NEEDS,41.0,ONEIDA,0.0,109,104,84.0,39.0,3,0.8076923076923077,0.375,0.9541284403669725,平均
AP,3,412201060000,HOLLAND PATENT,5.0,AVERAGE NEEDS,41.0,ONEIDA,0.0,99,88,54.0,22.0,5,0.6136363636363636,0.25,0.8888888888888888,平均
AP,3,412300010000,UTICA,3.0,URBAN/SUBURBAN/HIGH NEEDS,41.0,ONEIDA,0.0,294,284,109.0,35.0,7,0.38380281690140844,0.12323943661971831,0.9659863945578231,城市-郊区
AP,3,412801040000,WESTMORELAND,5.0,AVERAGE NEEDS,41.0,ONEIDA,0.0,63,63,41.0,22.0,0,0.6507936507936508,0.3492063492063492,1.0,平均
AP,3,412901040000,ORISKANY,5.0,AVERAGE NEEDS,41.0,ONEIDA,0.0,60,55,28.0,10.0,2,0.509090909090909,0.18181818181818182,0.9166666666666666,平均
AP,3,412902060000,WHITESBORO,5.0,AVERAGE NEEDS,41.0,ONEIDA,0.0,338,333,248.0,137.0,4,0.7447447447447447,0.4114114114114114,0.985207100591716,平均
AP,3,420303060000,NORTH SYRACUSE,5.0,AVERAGE NEEDS,42.0,ONONDAGA,0.0,531,520,394.0,237.0,8,0.7576923076923077,0.45576923076923076,0.9792843691148776,平均
AP,3,420401060000,EAST SYRACUSE MINOA,5.0,AVERAGE NEEDS,42.0,ONONDAGA,0.0,205,189,158.0,97.0,9,0.8359788359788359,0.5132275132275133,0.9219512195121952,平均
AP,3,420411060000,JAMESVILLE-DEWITT,5.0,AVERAGE NEEDS,42.0,ONONDAGA,0.0,450,431,382.0,273.0,11,0.8863109048723898,0.6334106728538283,0.9577777777777777,平均
AP,3,420501060000,JORDAN ELBRIDGE,5.0,AVERAGE NEEDS,42.0,ONONDAGA,0.0,78,69,34.0,17.0,3,0.4927536231884058,0.2463768115942029,0.8846153846153846,平均
AP,3,420601040000,FABIUS-POMPEY,5.0,AVERAGE NEEDS,42.0,ONONDAGA,0.0,42,29,17.0,7.0,5,0.5862068965517241,0.2413793103448276,0.6904761904761905,平均
AP,3,420701060000,WESTHILL,5.0,AVERAGE NEEDS,42.0,ONONDAGA,0.0,221,215,181.0,102.0,3,0.8418604651162791,0.4744186046511628,0.9728506787330317,平均
AP,3,420901060000,BALDWINSVILLE,5.0,AVERAGE NEEDS,42.0,ONONDAGA,0.0,542,510,404.0,225.0,16,0.792156862745098,0.4411764705882353,0.940959409594096,平均
AP,3,421001060000,FAYETTVLLE-MANLIUS,6.0,LOW NEEDS,42.0,ONONDAGA,0.0,750,715,669.0,536.0,24,0.9356643356643357,0.7496503496503496,0.9533333333333334,低N/RC
AP,3,421101060000,MARCELLUS,5.0,AVERAGE NEEDS,42.0,ONONDAGA,0.0,139,122,93.0,51.0,10,0.7622950819672131,0.4180327868852459,0.8776978417266187,平均
AP,3,421201040000,ONONDAGA,5.0,AVERAGE NEEDS,42.0,ONONDAGA,0.0,58,53,28.0,17.0,2,0.5283018867924528,0.32075471698113206,0.9137931034482759,平均
AP,3,421501060000,LIVERPOOL,5.0,AVERAGE NEEDS,42.0,ONONDAGA,0.0,448,428,365.0,255.0,11,0.852803738317757,0.5957943925233645,0.9553571428571429,平均
AP,3,421601060000,SKANEATELES,6.0,LOW NEEDS,42.0,ONONDAGA,0.0,304,284,238.0,176.0,11,0.8380281690140845,0.6197183098591549,0.9342105263157895,低N/RC
AP,3,421902040000,TULLY,5.0,AVERAGE NEEDS,42.0,ONONDAGA,0.0,31,28,25.0,20.0,2,0.8928571428571429,0.7142857142857143,0.9032258064516129,平均
AP,3,42302040000,CATTARAUGUS,5.0,AVERAGE NEEDS,4.0,CATTARAUGUS,0.0,6,6,3.0,2.0,0,0.5,0.3333333333333333,1.0,平均
AP,3,42801060000,GOWANDA,4.0,RURAL HIGH NEEDS,4.0,CATTARAUGUS,0.0,37,36,16.0,9.0,1,0.4444444444444444,0.25,0.972972972972973,农村
AP,3,430300050000,CANANDAIGUA,5.0,AVERAGE NEEDS,43.0,ONTARIO,0.0,498,476,358.0,194.0,10,0.7521008403361344,0.40756302521008403,0.9558232931726908,平均
AP,3,430501040000,EAST BLOOMFIELD,5.0,AVERAGE NEEDS,43.0,ONTARIO,0.0,71,63,36.0,22.0,3,0.5714285714285714,0.3492063492063492,0.8873239436619719,平均
AP,3,430700010000,GENEVA,4.0,RURAL HIGH NEEDS,43.0,ONTARIO,0.0,263,229,142.0,91.0,14,0.6200873362445415,0.39737991266375544,0.870722433460076,农村
AP,3,430901060000,GORHAM-MIDDLESEX,5.0,AVERAGE NEEDS,43.0,ONTARIO,0.0,53,48,41.0,16.0,3,0.8541666666666666,0.3333333333333333,0.9056603773584906,平均
AP,3,431101040000,MANCHSTR-SHRTSVLLE,5.0,AVERAGE NEEDS,43.0,ONTARIO,0.0,44,33,27.0,17.0,6,0.8181818181818182,0.5151515151515151,0.75,平均
AP,3,431201040000,NAPLES,5.0,AVERAGE NEEDS,43.0,ONTARIO,0.0,67,67,43.0,28.0,0,0.6417910447761194,0.417910447761194,1.0,平均
AP,3,431301060000,PHELPS-CLIFTON SPRINGS,5.0,AVERAGE NEEDS,43.0,ONTARIO,0.0,49,39,29.0,15.0,6,0.7435897435897436,0.38461538461538464,0.7959183673469388,平均
AP,3,431701060000,VICTOR,5.0,AVERAGE NEEDS,43.0,ONTARIO,0.0,1167,1149,937.0,634.0,8,0.8154917319408181,0.5517841601392516,0.9845758354755784,平均
AP,3,43200050000,SALAMANCA,4.0,RURAL HIGH NEEDS,4.0,CATTARAUGUS,0.0,16,14,14.0,3.0,2,1.0,0.21428571428571427,0.875,农村
AP,3,43501060000,YORKSHIRE-PIONEER,4.0,RURAL HIGH NEEDS,4.0,CATTARAUGUS,0.0,171,157,110.0,54.0,6,0.7006369426751592,0.34394904458598724,0.9181286549707602,农村
AP,3,440102060000,WASHINGTONVILLE,5.0,AVERAGE NEEDS,44.0,ORANGE,0.0,88,88,62.0,44.0,0,0.7045454545454546,0.5,1.0,平均
AP,3,440201020000,CHESTER,5.0,AVERAGE NEEDS,44.0,ORANGE,0.0,28,25,14.0,5.0,1,0.56,0.2,0.8928571428571429,平均
AP,3,440301060000,CORNWALL,5.0,AVERAGE NEEDS,44.0,ORANGE,0.0,393,384,314.0,213.0,5,0.8177083333333334,0.5546875,0.9770992366412213,平均
AP,3,440401060000,PINE BUSH,5.0,AVERAGE NEEDS,44.0,ORANGE,0.0,321,294,210.0,125.0,13,0.7142857142857143,0.42517006802721086,0.9158878504672897,平均
AP,3,440601040000,GOSHEN,5.0,AVERAGE NEEDS,44.0,ORANGE,0.0,230,225,169.0,113.0,3,0.7511111111111111,0.5022222222222222,0.9782608695652174,平均
AP,3,441101040000,MINISINK VALLEY,5.0,AVERAGE NEEDS,44.0,ORANGE,0.0,72,59,47.0,30.0,6,0.7966101694915254,0.5084745762711864,0.8194444444444444,平均
AP,3,441201060000,MONROE WOODBURY,5.0,AVERAGE NEEDS,44.0,ORANGE,0.0,460,455,333.0,188.0,4,0.7318681318681318,0.41318681318681316,0.9891304347826086,平均
AP,3,441301060000,VALLEY (MONTGOMER),5.0,AVERAGE NEEDS,44.0,ORANGE,0.0,288,270,192.0,101.0,10,0.7111111111111111,0.37407407407407406,0.9375,平均
AP,3,441600010000,NEWBURGH,3.0,URBAN/SUBURBAN/HIGH NEEDS,44.0,ORANGE,0.0,813,750,245.0,115.0,25,0.32666666666666666,0.15333333333333332,0.922509225092251,城市-郊区
AP,3,441903020000,TUXEDO,6.0,LOW NEEDS,44.0,ORANGE,0.0,45,11,8.0,4.0,12,0.7272727272727273,0.36363636363636365,0.24444444444444444,低N/RC
AP,3,442101060000,WARWICK VALLEY,6.0,LOW NEEDS,44.0,ORANGE,0.0,661,632,543.0,379.0,12,0.8591772151898734,0.5996835443037974,0.9561270801815431,低N/RC
AP,3,450101060000,ALBION,4.0,RURAL HIGH NEEDS,45.0,ORLEANS,0.0,28,16,10.0,5.0,5,0.625,0.3125,0.5714285714285714,农村
AP,3,450607040000,KENDALL,5.0,AVERAGE NEEDS,45.0,ORLEANS,0.0,55,53,34.0,17.0,1,0.6415094339622641,0.32075471698113206,0.9636363636363636,平均
AP,3,450801060000,MEDINA,4.0,RURAL HIGH NEEDS,45.0,ORLEANS,0.0,122,118,70.0,28.0,3,0.5932203389830508,0.23728813559322035,0.9672131147540983,农村
AP,3,460102040000,ALTMAR-PARISH-WILLIAMSTOWN,4.0,RURAL HIGH NEEDS,46.0,OSWEGO,0.0,12,12,3.0,0.0,0,0.25,0.0,1.0,农村
AP,3,460500010000,FULTON,3.0,URBAN/SUBURBAN/HIGH NEEDS,46.0,OSWEGO,0.0,77,71,48.0,23.0,2,0.676056338028169,0.323943661971831,0.922077922077922,城市-郊区
AP,3,460701040000,HANNIBAL,4.0,RURAL HIGH NEEDS,46.0,OSWEGO,0.0,18,9,7.0,1.0,3,0.7777777777777778,0.1111111111111111,0.5,农村
AP,3,460801060000,CENTRAL SQUARE,5.0,AVERAGE NEEDS,46.0,OSWEGO,0.0,116,107,91.0,57.0,5,0.8504672897196262,0.5327102803738317,0.9224137931034483,平均
AP,3,461300010000,OSWEGO,5.0,AVERAGE NEEDS,46.0,OSWEGO,0.0,168,153,123.0,71.0,6,0.803921568627451,0.46405228758169936,0.9107142857142857,平均
AP,3,461801040000,PULASKI,4.0,RURAL HIGH NEEDS,46.0,OSWEGO,0.0,42,35,19.0,7.0,3,0.5428571428571428,0.2,0.8333333333333334,农村
AP,3,462001060000,PHOENIX,5.0,AVERAGE NEEDS,46.0,OSWEGO,0.0,26,25,17.0,1.0,1,0.68,0.04,0.9615384615384616,平均
AP,3,471701040000,COOPERSTOWN,5.0,AVERAGE NEEDS,47.0,OTSEGO,0.0,104,95,72.0,43.0,7,0.7578947368421053,0.45263157894736844,0.9134615384615384,平均
AP,3,472202040000,CHERRY VLY-SPRGFLD,5.0,AVERAGE NEEDS,47.0,OTSEGO,0.0,15,15,7.0,4.0,0,0.4666666666666667,0.26666666666666666,1.0,平均
AP,3,480101060000,MAHOPAC,6.0,LOW NEEDS,48.0,PUTNAM,0.0,213,187,146.0,103.0,15,0.7807486631016043,0.5508021390374331,0.8779342723004695,低N/RC
AP,3,480102060000,CARMEL,5.0,AVERAGE NEEDS,48.0,PUTNAM,0.0,410,384,278.0,166.0,10,0.7239583333333334,0.4322916666666667,0.9365853658536586,平均
AP,3,480401040000,HALDANE,6.0,LOW NEEDS,48.0,PUTNAM,0.0,296,280,235.0,174.0,10,0.8392857142857143,0.6214285714285714,0.9459459459459459,低N/RC
AP,3,480503040000,PUTNAM VALLEY,6.0,LOW NEEDS,48.0,PUTNAM,0.0,113,105,40.0,15.0,3,0.38095238095238093,0.14285714285714285,0.9292035398230089,低N/RC
AP,3,480601060000,BREWSTER,6.0,LOW NEEDS,48.0,PUTNAM,0.0,479,459,328.0,191.0,10,0.7145969498910676,0.41612200435729846,0.9582463465553236,低N/RC
AP,3,490101040000,BERLIN,5.0,AVERAGE NEEDS,49.0,RENSSELAER,0.0,15,9,7.0,1.0,3,0.7777777777777778,0.1111111111111111,0.6,平均
AP,3,490301060000,EAST GREENBUSH,5.0,AVERAGE NEEDS,49.0,RENSSELAER,0.0,309,293,254.0,186.0,7,0.8668941979522184,0.6348122866894198,0.948220064724919,平均
AP,3,490501060000,HOOSICK FALLS,5.0,AVERAGE NEEDS,49.0,RENSSELAER,0.0,49,36,26.0,13.0,6,0.7222222222222222,0.3611111111111111,0.7346938775510204,平均
AP,3,491302060000,AVERILL PARK,5.0,AVERAGE NEEDS,49.0,RENSSELAER,0.0,233,219,183.0,114.0,6,0.8356164383561644,0.5205479452054794,0.9399141630901288,平均
AP,3,491401040000,HOOSIC VALLEY,5.0,AVERAGE NEEDS,49.0,RENSSELAER,0.0,32,32,10.0,3.0,0,0.3125,0.09375,1.0,平均
AP,3,491501040000,SCHODACK,5.0,AVERAGE NEEDS,49.0,RENSSELAER,0.0,173,165,101.0,46.0,7,0.6121212121212121,0.2787878787878788,0.953757225433526,平均
AP,3,491700010000,TROY,3.0,URBAN/SUBURBAN/HIGH NEEDS,49.0,RENSSELAER,0.0,79,60,44.0,27.0,7,0.7333333333333333,0.45,0.759493670886076,城市-郊区
AP,3,500101060000,CLARKSTOWN,6.0,LOW NEEDS,50.0,ROCKLAND,0.0,1145,1111,967.0,717.0,16,0.8703870387038704,0.6453645364536453,0.9703056768558952,低N/RC
AP,3,500108030000,NANUET,6.0,LOW NEEDS,50.0,ROCKLAND,0.0,373,363,301.0,182.0,8,0.8292011019283747,0.5013774104683195,0.9731903485254692,低N/RC
AP,3,500201060000,HAVERSTRAW-STONY POINT,5.0,AVERAGE NEEDS,50.0,ROCKLAND,0.0,558,540,393.0,181.0,10,0.7277777777777777,0.3351851851851852,0.967741935483871,平均
AP,3,500301060000,SOUTH ORANGETOWN,6.0,LOW NEEDS,50.0,ROCKLAND,0.0,572,531,391.0,245.0,24,0.736346516007533,0.4613935969868173,0.9283216783216783,低N/RC
AP,3,500304030000,NYACK,5.0,AVERAGE NEEDS,50.0,ROCKLAND,0.0,599,559,474.0,353.0,19,0.8479427549194991,0.631484794275492,0.9332220367278798,平均
AP,3,500308030000,PEARL RIVER,6.0,LOW NEEDS,50.0,ROCKLAND,0.0,312,301,260.0,201.0,6,0.8637873754152824,0.6677740863787376,0.9647435897435898,低N/RC
AP,3,500401060000,SUFFERN,6.0,LOW NEEDS,50.0,ROCKLAND,0.0,765,742,627.0,426.0,13,0.8450134770889488,0.5741239892183289,0.9699346405228758,低N/RC
AP,3,500402060000,EAST RAMAPO,3.0,URBAN/SUBURBAN/HIGH NEEDS,50.0,ROCKLAND,0.0,366,344,153.0,68.0,8,0.44476744186046513,0.19767441860465115,0.9398907103825137,城市-郊区
AP,3,50100010000,AUBURN,3.0,URBAN/SUBURBAN/HIGH NEEDS,5.0,CAYUGA,0.0,226,218,160.0,103.0,4,0.7339449541284404,0.4724770642201835,0.9646017699115044,城市-郊区
AP,3,50301040000,WEEDSPORT,5.0,AVERAGE NEEDS,5.0,CAYUGA,0.0,13,10,8.0,2.0,3,0.8,0.2,0.7692307692307693,平均
AP,3,50401040000,CATO MERIDIAN,5.0,AVERAGE NEEDS,5.0,CAYUGA,0.0,23,17,17.0,12.0,2,1.0,0.7058823529411765,0.7391304347826086,平均
AP,3,510101040000,BRASHER FALLS,4.0,RURAL HIGH NEEDS,51.0,SAINT LAWRENCE,0.0,2,0,0.0,0.0,1,,,0.0,农村
AP,3,510201060000,CANTON,5.0,AVERAGE NEEDS,51.0,SAINT LAWRENCE,0.0,134,115,108.0,58.0,8,0.9391304347826087,0.5043478260869565,0.8582089552238806,平均
AP,3,510501040000,COLTON PIERREPONT,5.0,AVERAGE NEEDS,51.0,SAINT LAWRENCE,0.0,16,6,6.0,1.0,3,1.0,0.16666666666666666,0.375,平均
AP,3,51101040000,PORT BYRON,5.0,AVERAGE NEEDS,5.0,CAYUGA,0.0,60,60,31.0,15.0,0,0.5166666666666667,0.25,1.0,平均
AP,3,511101060000,GOUVERNEUR,4.0,RURAL HIGH NEEDS,51.0,SAINT LAWRENCE,0.0,25,24,12.0,4.0,1,0.5,0.16666666666666666,0.96,农村
AP,3,511602040000,LISBON,4.0,RURAL HIGH NEEDS,51.0,SAINT LAWRENCE,0.0,6,0,0.0,0.0,3,,,0.0,农村
AP,3,512201040000,NORWOOD NORFOLK,4.0,RURAL HIGH NEEDS,51.0,SAINT LAWRENCE,0.0,36,34,23.0,9.0,1,0.6764705882352942,0.2647058823529412,0.9444444444444444,农村
AP,3,512300010000,OGDENSBURG,4.0,RURAL HIGH NEEDS,51.0,SAINT LAWRENCE,0.0,42,40,40.0,24.0,1,1.0,0.6,0.9523809523809523,农村
AP,3,512404040000,HEUVELTON,4.0,RURAL HIGH NEEDS,51.0,SAINT LAWRENCE,0.0,7,6,1.0,0.0,1,0.16666666666666666,0.0,0.8571428571428571,农村
AP,3,51301040000,MORAVIA,5.0,AVERAGE NEEDS,5.0,CAYUGA,0.0,80,68,37.0,14.0,6,0.5441176470588235,0.20588235294117646,0.85,平均
AP,3,513102040000,EDWARDS-KNOX,4.0,RURAL HIGH NEEDS,51.0,SAINT LAWRENCE,0.0,6,0,0.0,0.0,3,,,0.0,农村
AP,3,51901040000,UNION SPRINGS,5.0,AVERAGE NEEDS,5.0,CAYUGA,0.0,25,24,20.0,15.0,1,0.8333333333333334,0.625,0.96,平均
AP,3,520101060000,BURNT HILLS,6.0,LOW NEEDS,52.0,SARATOGA,0.0,454,434,360.0,253.0,12,0.8294930875576036,0.5829493087557603,0.9559471365638766,低N/RC
AP,3,520302060000,SHENENDEHOWA,5.0,AVERAGE NEEDS,52.0,SARATOGA,0.0,896,864,792.0,561.0,21,0.9166666666666666,0.6493055555555556,0.9642857142857143,平均
AP,3,520401040000,CORINTH,5.0,AVERAGE NEEDS,52.0,SARATOGA,0.0,69,68,41.0,19.0,1,0.6029411764705882,0.27941176470588236,0.9855072463768116,平均
AP,3,520701040000,GALWAY,5.0,AVERAGE NEEDS,52.0,SARATOGA,0.0,22,22,19.0,14.0,0,0.8636363636363636,0.6363636363636364,1.0,平均
AP,3,521301060000,BALLSTON SPA,5.0,AVERAGE NEEDS,52.0,SARATOGA,0.0,367,347,296.0,203.0,11,0.8530259365994236,0.5850144092219021,0.9455040871934605,平均
AP,3,521401040000,SOUTH GLENS FALLS,5.0,AVERAGE NEEDS,52.0,SARATOGA,0.0,215,196,123.0,68.0,9,0.6275510204081632,0.3469387755102041,0.9116279069767442,平均
AP,3,521701040000,SCHUYLERVILLE,5.0,AVERAGE NEEDS,52.0,SARATOGA,0.0,107,101,87.0,54.0,3,0.8613861386138614,0.5346534653465347,0.9439252336448598,平均
AP,3,521800010000,SARATOGA SPRINGS,5.0,AVERAGE NEEDS,52.0,SARATOGA,0.0,559,533,457.0,329.0,10,0.8574108818011257,0.6172607879924953,0.9534883720930233,平均
AP,3,522001040000,STILLWATER,5.0,AVERAGE NEEDS,52.0,SARATOGA,0.0,58,57,39.0,17.0,1,0.6842105263157895,0.2982456140350877,0.9827586206896551,平均
AP,3,530101040000,DUANESBURG,5.0,AVERAGE NEEDS,53.0,SCHENECTADY,0.0,77,68,53.0,31.0,5,0.7794117647058824,0.45588235294117646,0.8831168831168831,平均
AP,3,530202060000,SCOTIA GLENVILLE,5.0,AVERAGE NEEDS,53.0,SCHENECTADY,0.0,285,270,217.0,125.0,9,0.8037037037037037,0.46296296296296297,0.9473684210526315,平均
AP,3,530301060000,NISKAYUNA,6.0,LOW NEEDS,53.0,SCHENECTADY,0.0,618,576,506.0,387.0,27,0.8784722222222222,0.671875,0.9320388349514563,低N/RC
AP,3,530501060000,SCHALMONT,5.0,AVERAGE NEEDS,53.0,SCHENECTADY,0.0,44,44,43.0,36.0,0,0.9772727272727273,0.8181818181818182,1.0,平均
AP,3,530515060000,MOHONASEN,5.0,AVERAGE NEEDS,53.0,SCHENECTADY,0.0,121,115,85.0,38.0,3,0.7391304347826086,0.33043478260869563,0.9504132231404959,平均
AP,3,541001040000,MIDDLEBURGH,5.0,AVERAGE NEEDS,54.0,SCHOHARIE,0.0,44,38,20.0,8.0,3,0.5263157894736842,0.21052631578947367,0.8636363636363636,平均
AP,3,541102060000,COBLSKL-RCHMDVL,5.0,AVERAGE NEEDS,54.0,SCHOHARIE,0.0,95,92,80.0,57.0,3,0.8695652173913043,0.6195652173913043,0.968421052631579,平均
AP,3,541201040000,SCHOHARIE,5.0,AVERAGE NEEDS,54.0,SCHOHARIE,0.0,16,14,14.0,8.0,1,1.0,0.5714285714285714,0.875,平均
AP,3,550301060000,WATKINS GLEN,5.0,AVERAGE NEEDS,55.0,SCHUYLER,0.0,39,33,20.0,11.0,3,0.6060606060606061,0.3333333333333333,0.8461538461538461,平均
AP,3,560701060000,SENECA FALLS,5.0,AVERAGE NEEDS,56.0,SENECA,0.0,26,19,16.0,9.0,3,0.8421052631578947,0.47368421052631576,0.7307692307692307,平均
AP,3,561006060000,WATERLOO,4.0,RURAL HIGH NEEDS,56.0,SENECA,0.0,36,28,16.0,8.0,5,0.5714285714285714,0.2857142857142857,0.7777777777777778,农村
AP,3,571000010000,CORNING,5.0,AVERAGE NEEDS,57.0,STEUBEN,0.0,247,242,174.0,105.0,4,0.71900826446281,0.43388429752066116,0.979757085020243,平均
AP,3,571800010000,HORNELL,4.0,RURAL HIGH NEEDS,57.0,STEUBEN,0.0,67,54,32.0,13.0,6,0.5925925925925926,0.24074074074074073,0.8059701492537313,农村
AP,3,571901040000,ARKPORT,5.0,AVERAGE NEEDS,57.0,STEUBEN,0.0,6,6,2.0,1.0,0,0.3333333333333333,0.16666666666666666,1.0,平均
AP,3,572901040000,HAMMONDSPORT,5.0,AVERAGE NEEDS,57.0,STEUBEN,0.0,50,42,28.0,11.0,3,0.6666666666666666,0.2619047619047619,0.84,平均
AP,3,580101030000,BABYLON,6.0,LOW NEEDS,58.0,SUFFOLK,0.0,470,449,313.0,189.0,10,0.6971046770601337,0.4209354120267261,0.9553191489361702,低N/RC
AP,3,580102030000,WEST BABYLON,5.0,AVERAGE NEEDS,58.0,SUFFOLK,0.0,603,586,379.0,203.0,13,0.6467576791808873,0.3464163822525597,0.9718076285240465,平均
AP,3,580103030000,NORTH BABYLON,5.0,AVERAGE NEEDS,58.0,SUFFOLK,0.0,683,657,407.0,187.0,17,0.619482496194825,0.2846270928462709,0.9619326500732065,平均
AP,3,580104030000,LINDENHURST,5.0,AVERAGE NEEDS,58.0,SUFFOLK,0.0,766,731,574.0,369.0,20,0.7852257181942545,0.5047879616963065,0.9543080939947781,平均
AP,3,580105030000,COPIAGUE,3.0,URBAN/SUBURBAN/HIGH NEEDS,58.0,SUFFOLK,0.0,516,509,349.0,186.0,4,0.6856581532416502,0.3654223968565815,0.9864341085271318,城市-郊区
AP,3,580107030000,DEER PARK,5.0,AVERAGE NEEDS,58.0,SUFFOLK,0.0,825,802,496.0,265.0,14,0.6184538653366584,0.33042394014962595,0.9721212121212122,平均
AP,3,580201060000,THREE VILLAGE,6.0,LOW NEEDS,58.0,SUFFOLK,0.0,1462,1401,1249.0,921.0,30,0.8915060670949322,0.6573875802997858,0.9582763337893296,低N/RC
AP,3,580203020000,BROOKHAVEN-COMSEWOGUE UFSD,5.0,AVERAGE NEEDS,58.0,SUFFOLK,0.0,457,439,296.0,112.0,10,0.6742596810933941,0.255125284738041,0.9606126914660832,平均
AP,3,580205060000,SACHEM,5.0,AVERAGE NEEDS,58.0,SUFFOLK,0.0,2558,2435,1903.0,1093.0,59,0.7815195071868584,0.448870636550308,0.9519155590304925,平均
AP,3,580206020000,PORT JEFFERSON,6.0,LOW NEEDS,58.0,SUFFOLK,0.0,389,338,296.0,206.0,24,0.8757396449704142,0.6094674556213018,0.8688946015424165,低N/RC
AP,3,580207020000,MOUNT SINAI,6.0,LOW NEEDS,58.0,SUFFOLK,0.0,452,415,343.0,240.0,19,0.8265060240963855,0.5783132530120482,0.918141592920354,低N/RC
AP,3,580208020000,MILLER PLACE,6.0,LOW NEEDS,58.0,SUFFOLK,0.0,531,500,428.0,279.0,14,0.856,0.558,0.9416195856873822,低N/RC
AP,3,580209020000,ROCKY POINT,5.0,AVERAGE NEEDS,58.0,SUFFOLK,0.0,377,354,289.0,194.0,13,0.8163841807909604,0.5480225988700564,0.9389920424403183,平均
AP,3,580211060000,MIDDLE COUNTRY,5.0,AVERAGE NEEDS,58.0,SUFFOLK,0.0,1033,1013,739.0,407.0,12,0.7295162882527148,0.40177690029615004,0.9806389157792836,平均
AP,3,580212060000,LONGWOOD,5.0,AVERAGE NEEDS,58.0,SUFFOLK,0.0,1062,1035,641.0,313.0,14,0.6193236714975845,0.30241545893719807,0.9745762711864406,平均
AP,3,580224030000,PATCHOGUE-MEDFORD,5.0,AVERAGE NEEDS,58.0,SUFFOLK,0.0,1034,1011,742.0,424.0,12,0.7339268051434223,0.41938674579624136,0.9777562862669246,平均
AP,3,580232030000,WILLIAM FLOYD,5.0,AVERAGE NEEDS,58.0,SUFFOLK,0.0,573,556,440.0,241.0,10,0.7913669064748201,0.43345323741007197,0.9703315881326352,平均
AP,3,580235060000,SOUTH COUNTRY,5.0,AVERAGE NEEDS,58.0,SUFFOLK,0.0,826,815,512.0,208.0,7,0.6282208588957056,0.2552147239263804,0.986682808716707,平均
AP,3,580301020000,EAST HAMPTON,6.0,LOW NEEDS,58.0,SUFFOLK,0.0,828,797,627.0,329.0,15,0.7867001254705144,0.4127979924717691,0.9625603864734299,低N/RC
AP,3,580305020000,SAG HARBOR,6.0,LOW NEEDS,58.0,SUFFOLK,0.0,60,48,25.0,8.0,7,0.5208333333333334,0.16666666666666666,0.8,低N/RC
AP,3,580401020000,ELWOOD,5.0,AVERAGE NEEDS,58.0,SUFFOLK,0.0,525,498,438.0,316.0,13,0.8795180722891566,0.6345381526104418,0.9485714285714286,平均
AP,3,580402060000,COLD SPRING HARBOR,6.0,LOW NEEDS,58.0,SUFFOLK,0.0,896,857,619.0,399.0,20,0.7222870478413069,0.46557759626604434,0.9564732142857143,低N/RC
AP,3,580403030000,HUNTINGTON,5.0,AVERAGE NEEDS,58.0,SUFFOLK,0.0,885,825,571.0,314.0,29,0.6921212121212121,0.3806060606060606,0.9322033898305084,平均
AP,3,580404030000,NORTHPORT,6.0,LOW NEEDS,58.0,SUFFOLK,0.0,691,661,511.0,330.0,15,0.773071104387292,0.49924357034795763,0.9565846599131693,低N/RC
AP,3,580405060000,HALF HOLLOW HILLS,6.0,LOW NEEDS,58.0,SUFFOLK,0.0,2557,2509,2202.0,1492.0,22,0.8776404942208051,0.5946592267835791,0.9812280015643332,低N/RC
AP,3,580406060000,HARBORFIELDS,6.0,LOW NEEDS,58.0,SUFFOLK,0.0,1112,1078,885.0,578.0,16,0.8209647495361782,0.536178107606679,0.9694244604316546,低N/RC
AP,3,580410030000,COMMACK,6.0,LOW NEEDS,58.0,SUFFOLK,0.0,428,400,331.0,227.0,14,0.8275,0.5675,0.9345794392523364,低N/RC
AP,3,580413030000,SOUTH HUNTINGTON,5.0,AVERAGE NEEDS,58.0,SUFFOLK,0.0,1342,1302,934.0,552.0,20,0.717357910906298,0.423963133640553,0.970193740685544,平均
AP,3,580501030000,BAY SHORE,5.0,AVERAGE NEEDS,58.0,SUFFOLK,0.0,544,522,369.0,203.0,11,0.7068965517241379,0.3888888888888889,0.9595588235294118,平均
AP,3,580502020000,ISLIP,5.0,AVERAGE NEEDS,58.0,SUFFOLK,0.0,646,609,410.0,234.0,10,0.6732348111658456,0.3842364532019704,0.9427244582043344,平均
AP,3,580503030000,EAST ISLIP,5.0,AVERAGE NEEDS,58.0,SUFFOLK,0.0,653,627,438.0,232.0,12,0.6985645933014354,0.3700159489633174,0.9601837672281777,平均
AP,3,580504030000,SAYVILLE,6.0,LOW NEEDS,58.0,SUFFOLK,0.0,655,635,488.0,300.0,7,0.768503937007874,0.47244094488188976,0.9694656488549618,低N/RC
AP,3,580505020000,BAYPORT BLUE POINT,6.0,LOW NEEDS,58.0,SUFFOLK,0.0,580,556,443.0,257.0,13,0.7967625899280576,0.46223021582733814,0.9586206896551724,低N/RC
AP,3,580506030000,HAUPPAUGE,6.0,LOW NEEDS,58.0,SUFFOLK,0.0,650,624,467.0,278.0,14,0.7483974358974359,0.44551282051282054,0.96,低N/RC
AP,3,580507060000,CONNETQUOT,5.0,AVERAGE NEEDS,58.0,SUFFOLK,0.0,1042,1020,854.0,485.0,11,0.8372549019607843,0.47549019607843135,0.9788867562380038,平均
AP,3,580509030000,WEST ISLIP,6.0,LOW NEEDS,58.0,SUFFOLK,0.0,644,628,472.0,247.0,8,0.7515923566878981,0.39331210191082805,0.9751552795031055,低N/RC
AP,3,580512030000,BRENTWOOD,3.0,URBAN/SUBURBAN/HIGH NEEDS,58.0,SUFFOLK,0.0,699,681,511.0,300.0,11,0.750367107195301,0.44052863436123346,0.9742489270386266,城市-郊区
AP,3,580513030000,CENTRAL ISLIP,3.0,URBAN/SUBURBAN/HIGH NEEDS,58.0,SUFFOLK,0.0,411,395,209.0,113.0,8,0.529113924050633,0.28607594936708863,0.9610705596107056,城市-郊区
AP,3,580601040000,SHOREHAM-WADING RIVER,6.0,LOW NEEDS,58.0,SUFFOLK,0.0,549,524,401.0,240.0,13,0.7652671755725191,0.4580152671755725,0.9544626593806922,低N/RC
AP,3,580602040000,RIVERHEAD,5.0,AVERAGE NEEDS,58.0,SUFFOLK,0.0,552,518,318.0,142.0,18,0.6138996138996139,0.27413127413127414,0.9384057971014492,平均
AP,3,580701020000,SHELTER ISLAND,6.0,LOW NEEDS,58.0,SUFFOLK,0.0,51,42,18.0,9.0,1,0.42857142857142855,0.21428571428571427,0.8235294117647058,低N/RC
AP,3,580801060000,SMITHTOWN,6.0,LOW NEEDS,58.0,SUFFOLK,0.0,2152,2104,1753.0,1069.0,24,0.8331749049429658,0.5080798479087453,0.9776951672862454,低N/RC
AP,3,580805060000,KINGS PARK,6.0,LOW NEEDS,58.0,SUFFOLK,0.0,663,628,564.0,387.0,19,0.8980891719745223,0.6162420382165605,0.947209653092006,低N/RC
AP,3,580902020000,WESTHAMPTON BEACH,6.0,LOW NEEDS,58.0,SUFFOLK,0.0,1273,1248,952.0,565.0,12,0.7628205128205128,0.452724358974359,0.9803613511390417,低N/RC
AP,3,580905020000,HAMPTON BAYS,5.0,AVERAGE NEEDS,58.0,SUFFOLK,0.0,305,286,195.0,102.0,12,0.6818181818181818,0.35664335664335667,0.9377049180327869,平均
AP,3,580906030000,SOUTHAMPTON,6.0,LOW NEEDS,58.0,SUFFOLK,0.0,370,352,228.0,141.0,9,0.6477272727272727,0.4005681818181818,0.9513513513513514,低N/RC
AP,3,580909020000,BRIDGEHAMPTON,6.0,LOW NEEDS,58.0,SUFFOLK,0.0,32,21,10.0,2.0,4,0.47619047619047616,0.09523809523809523,0.65625,低N/RC
AP,3,580912060000,ESTPRT-S MANOR CSD,6.0,LOW NEEDS,58.0,SUFFOLK,0.0,735,706,556.0,307.0,16,0.7875354107648725,0.4348441926345609,0.9605442176870749,低N/RC
AP,3,581005020000,SOUTHOLD,6.0,LOW NEEDS,58.0,SUFFOLK,0.0,159,157,97.0,64.0,2,0.6178343949044586,0.40764331210191085,0.9874213836477987,低N/RC
AP,3,581010020000,GREENPORT,5.0,AVERAGE NEEDS,58.0,SUFFOLK,0.0,145,136,85.0,32.0,4,0.625,0.23529411764705882,0.9379310344827586,平均
AP,3,581012020000,MATTITUCK,6.0,LOW NEEDS,58.0,SUFFOLK,0.0,249,241,178.0,94.0,5,0.7385892116182573,0.3900414937759336,0.9678714859437751,低N/RC
AP,3,590901060000,LIBERTY,4.0,RURAL HIGH NEEDS,59.0,SULLIVAN,0.0,18,18,13.0,2.0,0,0.7222222222222222,0.1111111111111111,1.0,农村
AP,3,591201040000,TRI VALLEY,5.0,AVERAGE NEEDS,59.0,SULLIVAN,0.0,4,0,0.0,0.0,2,,,0.0,平均
AP,3,591401060000,MONTICELLO,4.0,RURAL HIGH NEEDS,59.0,SULLIVAN,0.0,71,51,25.0,10.0,11,0.49019607843137253,0.19607843137254902,0.7183098591549296,农村
AP,3,591502040000,SULLIVAN WEST CSD,5.0,AVERAGE NEEDS,59.0,SULLIVAN,0.0,99,92,40.0,22.0,3,0.43478260869565216,0.2391304347826087,0.9292929292929293,平均
AP,3,600402040000,NEWARK VALLEY,5.0,AVERAGE NEEDS,60.0,TIOGA,0.0,21,13,13.0,7.0,3,1.0,0.5384615384615384,0.6190476190476191,平均
AP,3,600801040000,SPENCER VAN ETTEN,4.0,RURAL HIGH NEEDS,60.0,TIOGA,0.0,47,39,16.0,4.0,3,0.41025641025641024,0.10256410256410256,0.8297872340425532,农村
AP,3,60201060000,SOUTHWESTERN,5.0,AVERAGE NEEDS,6.0,CHAUTAUQUA,0.0,109,95,82.0,62.0,5,0.8631578947368421,0.6526315789473685,0.8715596330275229,平均
AP,3,60401040000,CASSADAGA VALLEY,4.0,RURAL HIGH NEEDS,6.0,CHAUTAUQUA,0.0,1,0,0.0,0.0,1,,,0.0,农村
AP,3,60601040000,PINE VALLEY,4.0,RURAL HIGH NEEDS,6.0,CHAUTAUQUA,0.0,19,12,9.0,2.0,2,0.75,0.16666666666666666,0.631578947368421,农村
AP,3,61001040000,BEMUS POINT,5.0,AVERAGE NEEDS,6.0,CHAUTAUQUA,0.0,53,36,25.0,14.0,7,0.6944444444444444,0.3888888888888889,0.6792452830188679,平均
AP,3,610600010000,ITHACA,5.0,AVERAGE NEEDS,61.0,TOMPKINS,0.0,974,940,840.0,696.0,20,0.8936170212765957,0.7404255319148936,0.9650924024640657,平均
AP,3,610801040000,LANSING,5.0,AVERAGE NEEDS,61.0,TOMPKINS,0.0,87,77,68.0,49.0,6,0.8831168831168831,0.6363636363636364,0.8850574712643678,平均
AP,3,611001040000,TRUMANSBURG,5.0,AVERAGE NEEDS,61.0,TOMPKINS,0.0,98,97,62.0,36.0,1,0.6391752577319587,0.3711340206185567,0.9897959183673469,平均
AP,3,61101040000,FALCONER,5.0,AVERAGE NEEDS,6.0,CHAUTAUQUA,0.0,36,30,21.0,10.0,4,0.7,0.3333333333333333,0.8333333333333334,平均
AP,3,61501040000,SILVER CREEK,4.0,RURAL HIGH NEEDS,6.0,CHAUTAUQUA,0.0,33,29,27.0,23.0,1,0.9310344827586207,0.7931034482758621,0.8787878787878788,农村
AP,3,61503040000,FORESTVILLE,5.0,AVERAGE NEEDS,6.0,CHAUTAUQUA,0.0,16,10,9.0,3.0,3,0.9,0.3,0.625,平均
AP,3,61700010000,JAMESTOWN,3.0,URBAN/SUBURBAN/HIGH NEEDS,6.0,CHAUTAUQUA,0.0,317,307,189.0,105.0,5,0.6156351791530945,0.34201954397394135,0.9684542586750788,城市-郊区
AP,3,620600010000,KINGSTON,5.0,AVERAGE NEEDS,62.0,ULSTER,0.0,297,283,221.0,140.0,9,0.7809187279151943,0.49469964664310956,0.9528619528619529,平均
AP,3,620803040000,HIGHLAND,5.0,AVERAGE NEEDS,62.0,ULSTER,0.0,118,105,71.0,32.0,5,0.6761904761904762,0.3047619047619048,0.8898305084745762,平均
AP,3,620901060000,RONDOUT VALLEY,5.0,AVERAGE NEEDS,62.0,ULSTER,0.0,181,161,96.0,49.0,8,0.5962732919254659,0.30434782608695654,0.8895027624309392,平均
AP,3,621001060000,MARLBORO,5.0,AVERAGE NEEDS,62.0,ULSTER,0.0,72,58,35.0,19.0,6,0.603448275862069,0.3275862068965517,0.8055555555555556,平均
AP,3,621101060000,NEW PALTZ,5.0,AVERAGE NEEDS,62.0,ULSTER,0.0,482,451,336.0,203.0,15,0.7450110864745011,0.4501108647450111,0.9356846473029046,平均
AP,3,621201060000,ONTEORA,5.0,AVERAGE NEEDS,62.0,ULSTER,0.0,178,152,120.0,73.0,15,0.7894736842105263,0.48026315789473684,0.8539325842696629,平均
AP,3,621601060000,SAUGERTIES,5.0,AVERAGE NEEDS,62.0,ULSTER,0.0,80,71,47.0,23.0,3,0.6619718309859155,0.323943661971831,0.8875,平均
AP,3,621801060000,WALLKILL,5.0,AVERAGE NEEDS,62.0,ULSTER,0.0,78,74,54.0,36.0,4,0.7297297297297297,0.4864864864864865,0.9487179487179487,平均
AP,3,622002060000,ELLENVILLE,4.0,RURAL HIGH NEEDS,62.0,ULSTER,0.0,19,18,13.0,11.0,1,0.7222222222222222,0.6111111111111112,0.9473684210526315,农村
AP,3,62201060000,FREDONIA,5.0,AVERAGE NEEDS,6.0,CHAUTAUQUA,0.0,141,124,109.0,76.0,10,0.8790322580645161,0.6129032258064516,0.8794326241134752,平均
AP,3,62601040000,SHERMAN,4.0,RURAL HIGH NEEDS,6.0,CHAUTAUQUA,0.0,4,0,0.0,0.0,1,,,0.0,农村
AP,3,62901040000,WESTFIELD,4.0,RURAL HIGH NEEDS,6.0,CHAUTAUQUA,0.0,19,11,11.0,8.0,5,1.0,0.7272727272727273,0.5789473684210527,农村
AP,3,630101040000,BOLTON,6.0,LOW NEEDS,63.0,WARREN,0.0,15,13,6.0,2.0,2,0.46153846153846156,0.15384615384615385,0.8666666666666667,低N/RC
AP,3,630202040000,NORTH WARREN,5.0,AVERAGE NEEDS,63.0,WARREN,0.0,10,5,5.0,3.0,2,1.0,0.6,0.5,平均
AP,3,630300010000,GLENS FALLS,5.0,AVERAGE NEEDS,63.0,WARREN,0.0,138,129,95.0,43.0,5,0.7364341085271318,0.3333333333333333,0.9347826086956522,平均
AP,3,630701040000,LAKE GEORGE,5.0,AVERAGE NEEDS,63.0,WARREN,0.0,84,81,70.0,51.0,2,0.8641975308641975,0.6296296296296297,0.9642857142857143,平均
AP,3,630801040000,HADLEY LUZERNE,4.0,RURAL HIGH NEEDS,63.0,WARREN,0.0,25,23,10.0,4.0,1,0.43478260869565216,0.17391304347826086,0.92,农村
AP,3,630902030000,QUEENSBURY,5.0,AVERAGE NEEDS,63.0,WARREN,0.0,153,143,126.0,91.0,7,0.8811188811188811,0.6363636363636364,0.934640522875817,平均
AP,3,640502040000,FORT ANN,5.0,AVERAGE NEEDS,64.0,WASHINGTON,0.0,2,0,0.0,0.0,1,,,0.0,平均
AP,3,640701040000,GRANVILLE,4.0,RURAL HIGH NEEDS,64.0,WASHINGTON,0.0,35,24,16.0,8.0,5,0.6666666666666666,0.3333333333333333,0.6857142857142857,农村
AP,3,640801040000,GREENWICH,5.0,AVERAGE NEEDS,64.0,WASHINGTON,0.0,30,22,22.0,14.0,2,1.0,0.6363636363636364,0.7333333333333333,平均
AP,3,641001040000,HARTFORD,5.0,AVERAGE NEEDS,64.0,WASHINGTON,0.0,5,5,4.0,2.0,0,0.8,0.4,1.0,平均
AP,3,641301060000,HUDSON FALLS,4.0,RURAL HIGH NEEDS,64.0,WASHINGTON,0.0,37,31,17.0,6.0,5,0.5483870967741935,0.1935483870967742,0.8378378378378378,农村
AP,3,641501040000,SALEM,5.0,AVERAGE NEEDS,64.0,WASHINGTON,0.0,78,58,27.0,16.0,8,0.46551724137931033,0.27586206896551724,0.7435897435897436,平均
AP,3,641610040000,CAMBRIDGE,5.0,AVERAGE NEEDS,64.0,WASHINGTON,0.0,54,42,28.0,11.0,5,0.6666666666666666,0.2619047619047619,0.7777777777777778,平均
AP,3,650101060000,NEWARK,4.0,RURAL HIGH NEEDS,65.0,WAYNE,0.0,73,46,22.0,4.0,12,0.4782608695652174,0.08695652173913043,0.6301369863013698,农村
AP,3,650801060000,WAYNE,5.0,AVERAGE NEEDS,65.0,WAYNE,0.0,122,119,98.0,50.0,3,0.8235294117647058,0.42016806722689076,0.9754098360655737,平均
AP,3,650901060000,PALMYRA-MACEDON,5.0,AVERAGE NEEDS,65.0,WAYNE,0.0,74,72,60.0,39.0,1,0.8333333333333334,0.5416666666666666,0.972972972972973,平均
AP,3,650902040000,GANANDA,5.0,AVERAGE NEEDS,65.0,WAYNE,0.0,52,42,39.0,23.0,4,0.9285714285714286,0.5476190476190477,0.8076923076923077,平均
AP,3,651402040000,WILLIAMSON,5.0,AVERAGE NEEDS,65.0,WAYNE,0.0,19,15,14.0,13.0,1,0.9333333333333333,0.8666666666666667,0.7894736842105263,平均
AP,3,651501060000,NORTH ROSE WOLCOTT,4.0,RURAL HIGH NEEDS,65.0,WAYNE,0.0,28,23,15.0,3.0,2,0.6521739130434783,0.13043478260869565,0.8214285714285714,农村
AP,3,651503040000,RED CREEK,4.0,RURAL HIGH NEEDS,65.0,WAYNE,0.0,30,25,12.0,6.0,2,0.48,0.24,0.8333333333333334,农村
AP,3,660101030000,KATONAH LEWISBORO,6.0,LOW NEEDS,66.0,WESTCHESTER,0.0,1041,1016,761.0,497.0,11,0.7490157480314961,0.4891732283464567,0.9759846301633045,低N/RC
AP,3,660102060000,BEDFORD,6.0,LOW NEEDS,66.0,WESTCHESTER,0.0,617,575,498.0,335.0,20,0.8660869565217392,0.5826086956521739,0.9319286871961102,低N/RC
AP,3,660202030000,CROTON HARMON,6.0,LOW NEEDS,66.0,WESTCHESTER,0.0,547,524,369.0,220.0,15,0.7041984732824428,0.4198473282442748,0.9579524680073126,低N/RC
AP,3,660203060000,HENDRICK HUDSON,6.0,LOW NEEDS,66.0,WESTCHESTER,0.0,426,389,321.0,215.0,13,0.8251928020565553,0.5526992287917738,0.9131455399061033,低N/RC
AP,3,660301030000,EASTCHESTER,6.0,LOW NEEDS,66.0,WESTCHESTER,0.0,760,732,645.0,463.0,18,0.8811475409836066,0.6325136612021858,0.9631578947368421,低N/RC
AP,3,660302030000,TUCKAHOE,6.0,LOW NEEDS,66.0,WESTCHESTER,0.0,191,156,127.0,64.0,19,0.8141025641025641,0.41025641025641024,0.8167539267015707,低N/RC
AP,3,660303030000,BRONXVILLE,6.0,LOW NEEDS,66.0,WESTCHESTER,0.0,901,865,790.0,585.0,25,0.9132947976878613,0.6763005780346821,0.9600443951165372,低N/RC
AP,3,660401030000,TARRYTOWN,5.0,AVERAGE NEEDS,66.0,WESTCHESTER,0.0,565,542,368.0,226.0,7,0.6789667896678967,0.41697416974169743,0.95929203539823,平均
AP,3,660402020000,IRVINGTON,6.0,LOW NEEDS,66.0,WESTCHESTER,0.0,613,585,476.0,330.0,15,0.8136752136752137,0.5641025641025641,0.9543230016313213,低N/RC
AP,3,660403030000,DOBBS FERRY,6.0,LOW NEEDS,66.0,WESTCHESTER,0.0,94,86,70.0,49.0,4,0.813953488372093,0.5697674418604651,0.9148936170212766,低N/RC
AP,3,660404030000,HASTINGS ON HUDSON,6.0,LOW NEEDS,66.0,WESTCHESTER,0.0,485,457,356.0,241.0,15,0.7789934354485777,0.5273522975929978,0.9422680412371134,低N/RC
AP,3,660405030000,ARDSLEY,6.0,LOW NEEDS,66.0,WESTCHESTER,0.0,473,443,400.0,332.0,11,0.9029345372460497,0.7494356659142212,0.9365750528541226,低N/RC
AP,3,660406030000,EDGEMONT,6.0,LOW NEEDS,66.0,WESTCHESTER,0.0,781,763,666.0,526.0,12,0.872870249017038,0.6893840104849279,0.9769526248399488,低N/RC
AP,3,660407060000,GREENBURGH,5.0,AVERAGE NEEDS,66.0,WESTCHESTER,0.0,97,86,44.0,21.0,8,0.5116279069767442,0.2441860465116279,0.8865979381443299,平均
AP,3,660409020000,ELMSFORD,5.0,AVERAGE NEEDS,66.0,WESTCHESTER,0.0,117,102,61.0,37.0,8,0.5980392156862745,0.3627450980392157,0.8717948717948718,平均
AP,3,660501060000,HARRISON,6.0,LOW NEEDS,66.0,WESTCHESTER,0.0,299,274,194.0,132.0,17,0.708029197080292,0.48175182481751827,0.9163879598662207,低N/RC
AP,3,660701030000,MAMARONECK,6.0,LOW NEEDS,66.0,WESTCHESTER,0.0,1584,1569,1306.0,974.0,11,0.8323773103887827,0.6207775653282346,0.990530303030303,低N/RC
AP,3,660801060000,MT PLEASANT CENT,6.0,LOW NEEDS,66.0,WESTCHESTER,0.0,469,450,321.0,207.0,10,0.7133333333333334,0.46,0.9594882729211087,低N/RC
AP,3,660805030000,VALHALLA,6.0,LOW NEEDS,66.0,WESTCHESTER,0.0,198,188,138.0,71.0,4,0.7340425531914894,0.3776595744680851,0.9494949494949495,低N/RC
AP,3,660809030000,PLEASANTVILLE,6.0,LOW NEEDS,66.0,WESTCHESTER,0.0,616,587,504.0,364.0,12,0.858603066439523,0.6201022146507666,0.952922077922078,低N/RC
AP,3,660900010000,MOUNT VERNON,3.0,URBAN/SUBURBAN/HIGH NEEDS,66.0,WESTCHESTER,0.0,446,437,149.0,57.0,5,0.34096109839816935,0.13043478260869565,0.9798206278026906,城市-郊区
AP,3,661004060000,CHAPPAQUA,6.0,LOW NEEDS,66.0,WESTCHESTER,0.0,1565,1513,1234.0,917.0,27,0.8155981493721084,0.6060806345009914,0.9667731629392972,低N/RC
AP,3,661100010000,NEW ROCHELLE,5.0,AVERAGE NEEDS,66.0,WESTCHESTER,0.0,1433,1385,982.0,595.0,22,0.7090252707581227,0.4296028880866426,0.9665038381018841,平均
AP,3,661201060000,BYRAM HILLS,6.0,LOW NEEDS,66.0,WESTCHESTER,0.0,797,775,645.0,485.0,14,0.832258064516129,0.6258064516129033,0.972396486825596,低N/RC
AP,3,661301040000,NORTH SALEM,6.0,LOW NEEDS,66.0,WESTCHESTER,0.0,274,254,189.0,129.0,8,0.7440944881889764,0.5078740157480315,0.927007299270073,低N/RC
AP,3,661401030000,OSSINING,5.0,AVERAGE NEEDS,66.0,WESTCHESTER,0.0,347,332,206.0,116.0,11,0.6204819277108434,0.3493975903614458,0.9567723342939481,平均
AP,3,661500010000,PEEKSKILL,3.0,URBAN/SUBURBAN/HIGH NEEDS,66.0,WESTCHESTER,0.0,254,233,142.0,91.0,4,0.6094420600858369,0.3905579399141631,0.9173228346456693,城市-郊区
AP,3,661601030000,PELHAM,6.0,LOW NEEDS,66.0,WESTCHESTER,0.0,1065,1044,819.0,547.0,9,0.7844827586206896,0.5239463601532567,0.9802816901408451,低N/RC
AP,3,661800010000,RYE,6.0,LOW NEEDS,66.0,WESTCHESTER,0.0,1162,1113,949.0,699.0,21,0.8526504941599281,0.628032345013477,0.9578313253012049,低N/RC
AP,3,661901030000,RYE NECK,6.0,LOW NEEDS,66.0,WESTCHESTER,0.0,597,559,486.0,370.0,23,0.8694096601073346,0.6618962432915921,0.9363484087102177,低N/RC
AP,3,661904030000,PORT CHESTER-RYE,3.0,URBAN/SUBURBAN/HIGH NEEDS,66.0,WESTCHESTER,0.0,819,802,471.0,235.0,11,0.587281795511222,0.29301745635910226,0.9792429792429792,城市-郊区
AP,3,661905020000,BLIND BROOK-RYE,6.0,LOW NEEDS,66.0,WESTCHESTER,0.0,447,428,390.0,285.0,12,0.9112149532710281,0.6658878504672897,0.9574944071588367,低N/RC
AP,3,662001030000,SCARSDALE,6.0,LOW NEEDS,66.0,WESTCHESTER,0.0,824,766,729.0,605.0,28,0.9516971279373369,0.7898172323759791,0.9296116504854369,低N/RC
AP,3,662101060000,SOMERS,6.0,LOW NEEDS,66.0,WESTCHESTER,0.0,718,693,490.0,278.0,15,0.7070707070707071,0.40115440115440115,0.9651810584958217,低N/RC
AP,3,662200010000,WHITE PLAINS,5.0,AVERAGE NEEDS,66.0,WESTCHESTER,0.0,871,843,618.0,404.0,15,0.7330960854092526,0.4792408066429419,0.9678530424799081,平均
AP,3,662300010000,YONKERS,2.0,LARGE CITY,66.0,WESTCHESTER,0.0,730,717,367.0,203.0,9,0.5118549511854951,0.28312412831241285,0.9821917808219178,大城市
AP,3,662401060000,LAKELAND,5.0,AVERAGE NEEDS,66.0,WESTCHESTER,0.0,1186,1161,894.0,585.0,11,0.7700258397932817,0.5038759689922481,0.978920741989882,平均
AP,3,662402060000,YORKTOWN,6.0,LOW NEEDS,66.0,WESTCHESTER,0.0,470,438,389.0,305.0,19,0.8881278538812786,0.6963470319634704,0.9319148936170213,低N/RC
AP,3,670201060000,ATTICA,5.0,AVERAGE NEEDS,67.0,WYOMING,0.0,58,35,25.0,12.0,10,0.7142857142857143,0.34285714285714286,0.603448275862069,平均
AP,3,670401040000,LETCHWORTH,5.0,AVERAGE NEEDS,67.0,WYOMING,0.0,66,37,21.0,10.0,5,0.5675675675675675,0.2702702702702703,0.5606060606060606,平均
AP,3,671501040000,WARSAW,5.0,AVERAGE NEEDS,67.0,WYOMING,0.0,11,11,8.0,4.0,0,0.7272727272727273,0.36363636363636365,1.0,平均
AP,3,680601060000,PENN YAN,4.0,RURAL HIGH NEEDS,68.0,YATES,0.0,52,51,37.0,10.0,1,0.7254901960784313,0.19607843137254902,0.9807692307692307,农村
AP,3,70901060000,HORSEHEADS,5.0,AVERAGE NEEDS,7.0,CHEMUNG,0.0,157,146,146.0,97.0,8,1.0,0.6643835616438356,0.9299363057324841,平均
AP,3,80201040000,BAINBRIDGE GUILFRD,5.0,AVERAGE NEEDS,8.0,CHENANGO,0.0,59,56,46.0,27.0,2,0.8214285714285714,0.48214285714285715,0.9491525423728814,平均
AP,3,81200050000,NORWICH,4.0,RURAL HIGH NEEDS,8.0,CHENANGO,0.0,67,60,41.0,27.0,2,0.6833333333333333,0.45,0.8955223880597015,农村
AP,3,82001040000,SHERBURNE-EARLVILLE,4.0,RURAL HIGH NEEDS,8.0,CHENANGO,0.0,44,31,20.0,13.0,5,0.6451612903225806,0.41935483870967744,0.7045454545454546,农村
AP,3,90201040000,AUSABLE VALLEY,5.0,AVERAGE NEEDS,9.0,CLINTON,0.0,13,12,10.0,8.0,1,0.8333333333333334,0.6666666666666666,0.9230769230769231,平均
AP,3,90301060000,BEEKMANTOWN,5.0,AVERAGE NEEDS,9.0,CLINTON,0.0,194,188,124.0,62.0,5,0.6595744680851063,0.32978723404255317,0.9690721649484536,平均
AP,3,91101060000,PERU,5.0,AVERAGE NEEDS,9.0,CLINTON,0.0,63,55,41.0,27.0,3,0.7454545454545455,0.4909090909090909,0.873015873015873,平均
AP,3,91200010000,PLATTSBURGH,3.0,URBAN/SUBURBAN/HIGH NEEDS,9.0,CLINTON,0.0,166,139,72.0,41.0,10,0.5179856115107914,0.2949640287769784,0.8373493975903614,城市-郊区
AP,3,91402060000,SARANAC,5.0,AVERAGE NEEDS,9.0,CLINTON,0.0,63,62,53.0,31.0,1,0.8548387096774194,0.5,0.9841269841269841,平均
AP,4,100501040003,TACONIC HILLS JUNIOR/SENIOR HIGH,5.0,AVERAGE NEEDS,10.0,COLUMBIA,0.0,35,27,16.0,10.0,5,0.5925925925925926,0.37037037037037035,0.7714285714285715,平均
AP,4,100902040004,GERMANTOWN JUNIOR-SENIOR HS,5.0,AVERAGE NEEDS,10.0,COLUMBIA,0.0,12,9,9.0,4.0,1,1.0,0.4444444444444444,0.75,平均
AP,4,10100010034,ALBANY HIGH SCHOOL,3.0,URBAN/SUBURBAN/HIGH NEEDS,1.0,ALBANY,0.0,714,678,414.0,251.0,18,0.6106194690265486,0.3702064896755162,0.9495798319327731,城市-郊区
AP,4,101001040002,CHATHAM HIGH SCHOOL,5.0,AVERAGE NEEDS,10.0,COLUMBIA,0.0,69,65,43.0,18.0,2,0.6615384615384615,0.27692307692307694,0.9420289855072463,平均
AP,4,10100860960,ALBANY LEADERSHIP CS-GIRLS,7.0,CHARTER SCHOOL,1.0,ALBANY,0.0,25,25,6.0,2.0,0,0.24,0.08,1.0,特许学校
AP,4,101300010001,HUDSON HIGH SCHOOL,4.0,RURAL HIGH NEEDS,10.0,COLUMBIA,0.0,43,41,30.0,26.0,1,0.7317073170731707,0.6341463414634146,0.9534883720930233,农村
AP,4,101401040005,ICHABOD CRANE SENIOR HIGH SCHOOL,5.0,AVERAGE NEEDS,10.0,COLUMBIA,0.0,133,132,94.0,51.0,1,0.7121212121212122,0.38636363636363635,0.9924812030075187,平均
AP,4,10201040001,BERNE-KNOX-WESTERLO JUNIOR-SENIOR HS,5.0,AVERAGE NEEDS,1.0,ALBANY,0.0,55,46,43.0,28.0,3,0.9347826086956522,0.6086956521739131,0.8363636363636363,平均
AP,4,10306060007,BETHLEHEM CENTRAL MIDDLE SCHOOL,6.0,LOW NEEDS,1.0,ALBANY,0.0,3,0,0.0,0.0,3,,,0.0,低N/RC
AP,4,10306060008,BETHLEHEM CENTRAL SENIOR HIGH SCHOOL,6.0,LOW NEEDS,1.0,ALBANY,0.0,1025,991,880.0,696.0,22,0.887991927346115,0.7023208879919274,0.9668292682926829,低N/RC
AP,4,10402060001,RAVENA-COEYMANS-SELKIRK SR HS,5.0,AVERAGE NEEDS,1.0,ALBANY,0.0,69,44,34.0,19.0,12,0.7727272727272727,0.4318181818181818,0.6376811594202898,平均
AP,4,10500010007,COHOES HIGH SCHOOL,3.0,URBAN/SUBURBAN/HIGH NEEDS,1.0,ALBANY,0.0,49,49,24.0,12.0,0,0.4897959183673469,0.24489795918367346,1.0,城市-郊区
AP,4,10601060008,COLONIE CENTRAL HIGH SCHOOL,5.0,AVERAGE NEEDS,1.0,ALBANY,0.0,418,412,327.0,204.0,3,0.7936893203883495,0.49514563106796117,0.9856459330143541,平均
AP,4,10623060010,SHAKER HIGH SCHOOL,6.0,LOW NEEDS,1.0,ALBANY,0.0,729,701,629.0,515.0,18,0.8972895863052782,0.7346647646219686,0.9615912208504801,低N/RC
AP,4,10802060005,GUILDERLAND HIGH SCHOOL,6.0,LOW NEEDS,1.0,ALBANY,0.0,534,513,431.0,323.0,13,0.8401559454191033,0.6296296296296297,0.9606741573033708,低N/RC
AP,4,11003060002,CLAYTON A BOUTON HIGH SCHOOL,6.0,LOW NEEDS,1.0,ALBANY,0.0,302,274,225.0,122.0,12,0.8211678832116789,0.44525547445255476,0.9072847682119205,低N/RC
AP,4,110101040002,CINCINNATUS HIGH SCHOOL,4.0,RURAL HIGH NEEDS,11.0,CORTLAND,0.0,17,16,13.0,8.0,1,0.8125,0.5,0.9411764705882353,农村
AP,4,110200010011,CORTLAND HIGH SCHOOL,3.0,URBAN/SUBURBAN/HIGH NEEDS,11.0,CORTLAND,0.0,53,48,30.0,9.0,2,0.625,0.1875,0.9056603773584906,城市-郊区
AP,4,110701060001,HOMER SENIOR HIGH SCHOOL,5.0,AVERAGE NEEDS,11.0,CORTLAND,0.0,114,106,94.0,65.0,4,0.8867924528301887,0.6132075471698113,0.9298245614035088,平均
AP,4,110901040001,MARATHON HIGH SCHOOL,4.0,RURAL HIGH NEEDS,11.0,CORTLAND,0.0,18,18,5.0,4.0,0,0.2777777777777778,0.2222222222222222,1.0,农村
AP,4,120301040001,DOWNSVILLE CENTRAL SCHOOL,4.0,RURAL HIGH NEEDS,12.0,DELAWARE,0.0,4,0,0.0,0.0,3,,,0.0,农村
AP,4,120501040002,DELAWARE ACADEMY HIGH SCHOOL,5.0,AVERAGE NEEDS,12.0,DELAWARE,0.0,60,55,48.0,29.0,2,0.8727272727272727,0.5272727272727272,0.9166666666666666,平均
AP,4,121401040001,MARGARETVILLE CENTRAL SCHOOL,4.0,RURAL HIGH NEEDS,12.0,DELAWARE,0.0,30,10,4.0,1.0,6,0.4,0.1,0.3333333333333333,农村
AP,4,121901040002,WALTON HIGH SCHOOL,4.0,RURAL HIGH NEEDS,12.0,DELAWARE,0.0,13,9,8.0,4.0,3,0.8888888888888888,0.4444444444444444,0.6923076923076923,农村
AP,4,130200010005,BEACON HIGH SCHOOL,5.0,AVERAGE NEEDS,13.0,DUTCHESS,0.0,89,76,76.0,76.0,10,1.0,1.0,0.8539325842696629,平均
AP,4,130502020003,DOVER HIGH SCHOOL,5.0,AVERAGE NEEDS,13.0,DUTCHESS,0.0,105,98,72.0,39.0,5,0.7346938775510204,0.3979591836734694,0.9333333333333333,平均
AP,4,130801060007,FRANKLIN D ROOSEVELT SENIOR HS,5.0,AVERAGE NEEDS,13.0,DUTCHESS,0.0,298,263,137.0,68.0,12,0.5209125475285171,0.2585551330798479,0.8825503355704698,平均
AP,4,131201040002,PAWLING HIGH SCHOOL,6.0,LOW NEEDS,13.0,DUTCHESS,0.0,309,291,225.0,116.0,6,0.7731958762886598,0.39862542955326463,0.941747572815534,低N/RC
AP,4,131301040002,STISSING MOUNTAIN JR/SR HS,5.0,AVERAGE NEEDS,13.0,DUTCHESS,0.0,84,75,57.0,35.0,5,0.76,0.4666666666666667,0.8928571428571429,平均
AP,4,131601060008,ARLINGTON HIGH SCHOOL,5.0,AVERAGE NEEDS,13.0,DUTCHESS,0.0,1030,998,709.0,408.0,15,0.7104208416833667,0.4088176352705411,0.9689320388349515,平均
AP,4,131602020005,SPACKENKILL HIGH SCHOOL,5.0,AVERAGE NEEDS,13.0,DUTCHESS,0.0,352,324,233.0,139.0,12,0.7191358024691358,0.42901234567901236,0.9204545454545454,平均
AP,4,131701060002,RED HOOK SENIOR HIGH SCHOOL,5.0,AVERAGE NEEDS,13.0,DUTCHESS,0.0,200,180,146.0,92.0,10,0.8111111111111111,0.5111111111111111,0.9,平均
AP,4,131801040001,RHINEBECK SENIOR HIGH SCHOOL,6.0,LOW NEEDS,13.0,DUTCHESS,0.0,183,164,118.0,72.0,7,0.7195121951219512,0.43902439024390244,0.8961748633879781,低N/RC
AP,4,132201040005,MILLBROOK HIGH SCHOOL,6.0,LOW NEEDS,13.0,DUTCHESS,0.0,108,86,47.0,18.0,9,0.5465116279069767,0.20930232558139536,0.7962962962962963,低N/RC
AP,4,140201060002,AMHERST CENTRAL HIGH SCHOOL,5.0,AVERAGE NEEDS,14.0,ERIE,0.0,577,550,481.0,328.0,17,0.8745454545454545,0.5963636363636363,0.9532062391681109,平均
AP,4,140203060004,WILLIAMSVILLE SOUTH HIGH SCHOOL,5.0,AVERAGE NEEDS,14.0,ERIE,0.0,531,501,396.0,258.0,13,0.7904191616766467,0.5149700598802395,0.943502824858757,平均
AP,4,140203060010,WILLIAMSVILLE NORTH HIGH SCHOOL,5.0,AVERAGE NEEDS,14.0,ERIE,0.0,995,964,858.0,609.0,19,0.8900414937759336,0.6317427385892116,0.9688442211055276,平均
AP,4,140203060013,WILLIAMSVILLE EAST HIGH SCHOOL,5.0,AVERAGE NEEDS,14.0,ERIE,0.0,844,805,718.0,560.0,22,0.8919254658385093,0.6956521739130435,0.9537914691943128,平均
AP,4,140207060006,SWEET HOME SENIOR HIGH SCHOOL,5.0,AVERAGE NEEDS,14.0,ERIE,0.0,259,239,156.0,83.0,13,0.6527196652719666,0.3472803347280335,0.9227799227799228,平均
AP,4,140301030005,EAST AURORA HIGH SCHOOL,6.0,LOW NEEDS,14.0,ERIE,0.0,379,356,321.0,217.0,11,0.901685393258427,0.6095505617977528,0.9393139841688655,低N/RC
AP,4,140600010056,FREDERICK OLMSTED #156,2.0,LARGE CITY,14.0,ERIE,0.0,349,341,143.0,50.0,4,0.41935483870967744,0.1466275659824047,0.9770773638968482,大城市
AP,4,140600010097,BUFFALO ACADEMY-VIS & PERF ARTS,2.0,LARGE CITY,14.0,ERIE,0.0,151,117,23.0,4.0,4,0.19658119658119658,0.03418803418803419,0.7748344370860927,大城市
AP,4,140600010098,MCKINLEY VOC HIGH SCHOOL,2.0,LARGE CITY,14.0,ERIE,0.0,27,0,0.0,0.0,3,,,0.0,大城市
AP,4,140600010101,BURGARD HIGH SCHOOL,2.0,LARGE CITY,14.0,ERIE,0.0,59,0,0.0,0.0,3,,,0.0,大城市
AP,4,140600010102,CITY HONORS SCHOOL,2.0,LARGE CITY,14.0,ERIE,0.0,619,609,393.0,224.0,6,0.645320197044335,0.367816091954023,0.9838449111470113,大城市
AP,4,140600010104,EMERSON SCHOOL OF HOSPITALITY,2.0,LARGE CITY,14.0,ERIE,0.0,31,0,0.0,0.0,1,,,0.0,大城市
AP,4,140600010105,HUTCHINSON CENTRAL TECH HIGH SCHOOL,2.0,LARGE CITY,14.0,ERIE,0.0,551,490,128.0,29.0,5,0.2612244897959184,0.05918367346938776,0.8892921960072595,大城市
AP,4,140600010110,SOUTH PARK HIGH SCHOOL,2.0,LARGE CITY,14.0,ERIE,0.0,85,31,7.0,1.0,13,0.22580645161290322,0.03225806451612903,0.36470588235294116,大城市
AP,4,140600010128,LEONARDO DA VINCI HIGH SCHOOL,2.0,LARGE CITY,14.0,ERIE,0.0,159,140,19.0,2.0,2,0.1357142857142857,0.014285714285714285,0.8805031446540881,大城市
AP,4,140600010132,MATH SCIENCE TECH PREP SCHOOL-197,2.0,LARGE CITY,14.0,ERIE,0.0,76,25,7.0,0.0,8,0.28,0.0,0.32894736842105265,大城市
AP,4,140600010135,MIDDLE EARLY COLLEGE HIGH SCHOOL,2.0,LARGE CITY,14.0,ERIE,0.0,45,0,0.0,0.0,1,,,0.0,大城市
AP,4,140600010140,EAST COMMUNITY SCHOOL,2.0,LARGE CITY,14.0,ERIE,0.0,21,0,0.0,0.0,2,,,0.0,大城市
AP,4,140600010141,LAFAYETTE INTERNATIONAL SCHOOL,2.0,LARGE CITY,14.0,ERIE,0.0,55,20,3.0,0.0,0,0.15,0.0,0.36363636363636365,大城市
AP,4,140600010197,HARVEY AUSTIN SCHOOL #97,2.0,LARGE CITY,14.0,ERIE,0.0,1,0,0.0,0.0,1,,,0.0,大城市
AP,4,140600010308,INTER PREP SCHOOL (THE),2.0,LARGE CITY,14.0,ERIE,0.0,84,50,11.0,2.0,7,0.22,0.04,0.5952380952380952,大城市
AP,4,140600010310,RIVERSIDE ACADEMY HIGH SCHOOL,2.0,LARGE CITY,14.0,ERIE,0.0,19,18,4.0,1.0,1,0.2222222222222222,0.05555555555555555,0.9473684210526315,大城市
AP,4,140600010311,LEWIS J BENNETT HS OF INNOVATIVE TEC,2.0,LARGE CITY,14.0,ERIE,0.0,114,101,31.0,10.0,7,0.3069306930693069,0.09900990099009901,0.8859649122807017,大城市
AP,4,140600010313,"BUFFALO - CULINARY ART, HOSPITAL",2.0,LARGE CITY,14.0,ERIE,0.0,49,22,2.0,0.0,0,0.09090909090909091,0.0,0.4489795918367347,大城市
AP,4,140600010317,RESEARCH LABORATORY HS-BIOINFORMATIC,2.0,LARGE CITY,14.0,ERIE,0.0,24,0,0.0,0.0,0,,,0.0,大城市
AP,4,140600860838,TAPESTRY CHARTER SCHOOL,7.0,CHARTER SCHOOL,14.0,ERIE,0.0,25,16,3.0,0.0,1,0.1875,0.0,0.64,特许学校
AP,4,140600860861,BUFFALO ACADEMY OF SCIENCE CS,7.0,CHARTER SCHOOL,14.0,ERIE,0.0,26,26,25.0,13.0,0,0.9615384615384616,0.5,1.0,特许学校
AP,4,140600861185,BUFFALO ACADEMY OF SCIENCE CS II,7.0,CHARTER SCHOOL,14.0,ERIE,0.0,12,11,8.0,4.0,1,0.7272727272727273,0.36363636363636365,0.9166666666666666,特许学校
AP,4,140701060006,CHEEKTOWAGA HIGH SCHOOL,5.0,AVERAGE NEEDS,14.0,ERIE,0.0,109,104,61.0,27.0,2,0.5865384615384616,0.25961538461538464,0.9541284403669725,平均
AP,4,140702030006,MARYVALE HIGH SCHOOL,5.0,AVERAGE NEEDS,14.0,ERIE,0.0,131,118,85.0,50.0,7,0.7203389830508474,0.423728813559322,0.9007633587786259,平均
AP,4,140707030003,DEPEW HIGH SCHOOL,5.0,AVERAGE NEEDS,14.0,ERIE,0.0,178,167,112.0,55.0,6,0.6706586826347305,0.32934131736526945,0.9382022471910112,平均
AP,4,140709030004,JOHN F KENNEDY SENIOR HS,3.0,URBAN/SUBURBAN/HIGH NEEDS,14.0,ERIE,0.0,99,97,56.0,30.0,1,0.5773195876288659,0.30927835051546393,0.9797979797979798,城市-郊区
AP,4,140801060006,CLARENCE SENIOR HIGH SCHOOL,6.0,LOW NEEDS,14.0,ERIE,0.0,769,742,607.0,395.0,13,0.8180592991913747,0.532345013477089,0.9648894668400521,低N/RC
AP,4,141101060001,GRIFFITH INST HIGH SCHOOL,5.0,AVERAGE NEEDS,14.0,ERIE,0.0,112,104,89.0,62.0,4,0.8557692307692307,0.5961538461538461,0.9285714285714286,平均
AP,4,141201060001,EDEN MIDDLE & HIGH SCHOOL,5.0,AVERAGE NEEDS,14.0,ERIE,0.0,110,104,76.0,57.0,3,0.7307692307692307,0.5480769230769231,0.9454545454545454,平均
AP,4,141301060006,IROQUOIS SENIOR HIGH SCHOOL,5.0,AVERAGE NEEDS,14.0,ERIE,0.0,318,288,210.0,121.0,14,0.7291666666666666,0.4201388888888889,0.9056603773584906,平均
AP,4,141401060003,LAKE SHORE SENIOR HIGH SCHOOL,5.0,AVERAGE NEEDS,14.0,ERIE,0.0,134,106,68.0,28.0,9,0.6415094339622641,0.2641509433962264,0.7910447761194029,平均
AP,4,141501060004,GRAND ISLAND SENIOR HIGH SCHOOL,5.0,AVERAGE NEEDS,14.0,ERIE,0.0,413,405,306.0,148.0,5,0.7555555555555555,0.3654320987654321,0.9806295399515739,平均
AP,4,141604060008,FRONTIER SENIOR HIGH SCHOOL,5.0,AVERAGE NEEDS,14.0,ERIE,0.0,401,381,264.0,132.0,10,0.6929133858267716,0.3464566929133858,0.9501246882793017,平均
AP,4,141701040001,HOLLAND HIGH SCHOOL,5.0,AVERAGE NEEDS,14.0,ERIE,0.0,45,39,34.0,24.0,5,0.8717948717948718,0.6153846153846154,0.8666666666666667,平均
AP,4,141901060008,LANCASTER HIGH SCHOOL,5.0,AVERAGE NEEDS,14.0,ERIE,0.0,557,534,430.0,244.0,13,0.8052434456928839,0.45692883895131087,0.9587073608617595,平均
AP,4,142101040002,AKRON HIGH SCHOOL,5.0,AVERAGE NEEDS,14.0,ERIE,0.0,65,52,46.0,38.0,8,0.8846153846153846,0.7307692307692307,0.8,平均
AP,4,142301060006,ORCHARD PARK HIGH SCHOOL,6.0,LOW NEEDS,14.0,ERIE,0.0,692,669,557.0,357.0,12,0.8325859491778774,0.5336322869955157,0.9667630057803468,低N/RC
AP,4,142500010009,TONAWANDA MIDDLE/HIGH SCHOOL,5.0,AVERAGE NEEDS,14.0,ERIE,0.0,78,69,53.0,33.0,5,0.7681159420289855,0.4782608695652174,0.8846153846153846,平均
AP,4,142601030025,KENMORE EAST SENIOR HIGH SCHOOL,5.0,AVERAGE NEEDS,14.0,ERIE,0.0,204,196,149.0,77.0,4,0.7602040816326531,0.39285714285714285,0.9607843137254902,平均
AP,4,142601030026,KENMORE WEST SENIOR HIGH SCHOOL,5.0,AVERAGE NEEDS,14.0,ERIE,0.0,296,277,174.0,83.0,11,0.628158844765343,0.2996389891696751,0.9358108108108109,平均
AP,4,142601860031,CHARTER SCHOOL-APPLIED TECHNOLOGIES,7.0,CHARTER SCHOOL,14.0,ERIE,0.0,57,56,30.0,13.0,1,0.5357142857142857,0.23214285714285715,0.9824561403508771,特许学校
AP,4,142801060010,WEST SENECA WEST SENIOR HS,5.0,AVERAGE NEEDS,14.0,ERIE,0.0,140,123,101.0,66.0,6,0.8211382113821138,0.5365853658536586,0.8785714285714286,平均
AP,4,142801060016,WEST SENECA EAST SENIOR HS,5.0,AVERAGE NEEDS,14.0,ERIE,0.0,155,146,126.0,82.0,4,0.863013698630137,0.5616438356164384,0.9419354838709677,平均
AP,4,150601040001,KEENE CENTRAL SCHOOL,6.0,LOW NEEDS,15.0,ESSEX,0.0,12,0,0.0,0.0,4,,,0.0,低N/RC
AP,4,151102040001,LAKE PLACID JUNIOR-SENIOR HS,5.0,AVERAGE NEEDS,15.0,ESSEX,0.0,32,19,14.0,8.0,4,0.7368421052631579,0.42105263157894735,0.59375,平均
AP,4,151501060001,TICONDEROGA JUNIOR-SENIOR HS,4.0,RURAL HIGH NEEDS,15.0,ESSEX,0.0,20,20,14.0,10.0,0,0.7,0.5,1.0,农村
AP,4,151801040001,MOUNTAIN VIEW CAMPUS,4.0,RURAL HIGH NEEDS,15.0,ESSEX,0.0,15,12,8.0,0.0,2,0.6666666666666666,0.0,0.8,农村
AP,4,160101060001,TUPPER LAKE MIDDLE-HIGH SCHOOL,5.0,AVERAGE NEEDS,16.0,FRANKLIN,0.0,8,6,5.0,0.0,1,0.8333333333333334,0.0,0.75,平均
AP,4,161201040002,SALMON RIVER HIGH SCHOOL,4.0,RURAL HIGH NEEDS,16.0,FRANKLIN,0.0,21,17,8.0,3.0,2,0.47058823529411764,0.17647058823529413,0.8095238095238095,农村
AP,4,161401060002,SARANAC LAKE SENIOR HIGH SCHOOL,5.0,AVERAGE NEEDS,16.0,FRANKLIN,0.0,71,71,59.0,37.0,0,0.8309859154929577,0.5211267605633803,1.0,平均
AP,4,161501060014,FRANKLIN ACADEMY HIGH SCHOOL,4.0,RURAL HIGH NEEDS,16.0,FRANKLIN,0.0,42,32,24.0,11.0,4,0.75,0.34375,0.7619047619047619,农村
AP,4,170500010009,GLOVERSVILLE HIGH SCHOOL,4.0,RURAL HIGH NEEDS,17.0,FULTON,0.0,17,12,4.0,2.0,3,0.3333333333333333,0.16666666666666666,0.7058823529411765,农村
AP,4,170600010006,JOHNSTOWN HS,5.0,AVERAGE NEEDS,17.0,FULTON,0.0,67,60,31.0,10.0,5,0.5166666666666667,0.16666666666666666,0.8955223880597015,平均
AP,4,170801040002,MAYFIELD JR/SR HIGH SCHOOL,5.0,AVERAGE NEEDS,17.0,FULTON,0.0,1,0,0.0,0.0,1,,,0.0,平均
AP,4,171102040004,BROADALBIN-PERTH JUNIOR-SENIOR HS,5.0,AVERAGE NEEDS,17.0,FULTON,0.0,119,89,65.0,35.0,12,0.7303370786516854,0.39325842696629215,0.7478991596638656,平均
AP,4,180202040003,ALEXANDER MIDDLE SCHOOL-HIGH SCHOOL,5.0,AVERAGE NEEDS,18.0,GENESEE,0.0,31,15,14.0,9.0,7,0.9333333333333333,0.6,0.4838709677419355,平均
AP,4,180300010006,BATAVIA HIGH SCHOOL,4.0,RURAL HIGH NEEDS,18.0,GENESEE,0.0,116,96,68.0,39.0,11,0.7083333333333334,0.40625,0.8275862068965517,农村
AP,4,180701040001,BYRON-BERGEN JR/SR HS,5.0,AVERAGE NEEDS,18.0,GENESEE,0.0,89,88,67.0,35.0,1,0.7613636363636364,0.3977272727272727,0.9887640449438202,平均
AP,4,180901040002,ELBA JUNIOR-SENIOR HIGH SCHOOL,5.0,AVERAGE NEEDS,18.0,GENESEE,0.0,17,11,6.0,3.0,3,0.5454545454545454,0.2727272727272727,0.6470588235294118,平均
AP,4,181001060002,LE ROY JUNIOR-SENIOR HIGH SCHOOL,5.0,AVERAGE NEEDS,18.0,GENESEE,0.0,100,92,78.0,49.0,2,0.8478260869565217,0.532608695652174,0.92,平均
AP,4,181101040001,OAKFIELD-ALABAMA MIDDLE/HIGH SCHOOL,5.0,AVERAGE NEEDS,18.0,GENESEE,0.0,79,70,56.0,32.0,3,0.8,0.45714285714285713,0.8860759493670886,平均
AP,4,181201040001,PAVILION JUNIOR-SENIOR HS,5.0,AVERAGE NEEDS,18.0,GENESEE,0.0,39,25,22.0,10.0,5,0.88,0.4,0.6410256410256411,平均
AP,4,181302040002,PEMBROKE JUNIOR-SENIOR HS,5.0,AVERAGE NEEDS,18.0,GENESEE,0.0,60,49,38.0,20.0,5,0.7755102040816326,0.40816326530612246,0.8166666666666667,平均
AP,4,190301040003,CAIRO-DURHAM HIGH SCHOOL,5.0,AVERAGE NEEDS,19.0,GREENE,0.0,58,38,35.0,21.0,9,0.9210526315789473,0.5526315789473685,0.6551724137931034,平均
AP,4,190401060003,CATSKILL SENIOR HIGH SCHOOL,5.0,AVERAGE NEEDS,19.0,GREENE,0.0,69,50,35.0,18.0,7,0.7,0.36,0.7246376811594203,平均
AP,4,190701040004,GREENVILLE HIGH SCHOOL,5.0,AVERAGE NEEDS,19.0,GREENE,0.0,107,104,54.0,25.0,3,0.5192307692307693,0.2403846153846154,0.9719626168224299,平均
AP,4,200701040001,LONG LAKE CENTRAL SCHOOL,6.0,LOW NEEDS,20.0,HAMILTON,0.0,1,0,0.0,0.0,1,,,0.0,低N/RC
AP,4,200901040001,WELLS SCHOOL,5.0,AVERAGE NEEDS,20.0,HAMILTON,0.0,12,5,1.0,1.0,4,0.2,0.2,0.4166666666666667,平均
AP,4,20101040002,ALFRED-ALMOND JUNIOR-SENIOR HS,5.0,AVERAGE NEEDS,2.0,ALLEGANY,0.0,48,44,35.0,25.0,3,0.7954545454545454,0.5681818181818182,0.9166666666666666,平均
AP,4,210302040003,WEST CANADA VALLEY JUNIOR-SENIOR HS,5.0,AVERAGE NEEDS,21.0,HERKIMER,0.0,50,47,17.0,5.0,1,0.3617021276595745,0.10638297872340426,0.94,平均
AP,4,210402060001,FRANKFORT-SCHUYLER CENTRAL HS,5.0,AVERAGE NEEDS,21.0,HERKIMER,0.0,5,5,4.0,4.0,0,0.8,0.8,1.0,平均
AP,4,210601060005,HERKIMER HIGH SCHOOL,4.0,RURAL HIGH NEEDS,21.0,HERKIMER,0.0,32,31,8.0,1.0,1,0.25806451612903225,0.03225806451612903,0.96875,农村
AP,4,212001040003,MT MARKHAM SENIOR HIGH SCHOOL,4.0,RURAL HIGH NEEDS,21.0,HERKIMER,0.0,76,73,28.0,7.0,1,0.3835616438356164,0.0958904109589041,0.9605263157894737,农村
AP,4,212101040005,CENTRAL VALLEY ACADEMY,4.0,RURAL HIGH NEEDS,21.0,HERKIMER,0.0,24,24,22.0,5.0,0,0.9166666666666666,0.20833333333333334,1.0,农村
AP,4,220701040003,THOUSAND ISLANDS HIGH SCHOOL,5.0,AVERAGE NEEDS,22.0,JEFFERSON,0.0,18,13,13.0,8.0,2,1.0,0.6153846153846154,0.7222222222222222,平均
AP,4,222201060001,CARTHAGE SENIOR HIGH SCHOOL,4.0,RURAL HIGH NEEDS,22.0,JEFFERSON,0.0,162,144,86.0,47.0,8,0.5972222222222222,0.3263888888888889,0.8888888888888888,农村
AP,4,22601060004,WELLSVILLE SECONDARY SCHOOL,4.0,RURAL HIGH NEEDS,2.0,ALLEGANY,0.0,39,30,22.0,11.0,3,0.7333333333333333,0.36666666666666664,0.7692307692307693,农村
AP,4,230201040001,COPENHAGEN CENTRAL SCHOOL,4.0,RURAL HIGH NEEDS,23.0,LEWIS,0.0,23,17,10.0,4.0,4,0.5882352941176471,0.23529411764705882,0.7391304347826086,农村
AP,4,230901040002,LOWVILLE HIGH SCHOOL,4.0,RURAL HIGH NEEDS,23.0,LEWIS,0.0,38,25,24.0,19.0,5,0.96,0.76,0.6578947368421053,农村
AP,4,240101040002,AVON HIGH SCHOOL,5.0,AVERAGE NEEDS,24.0,LIVINGSTON,0.0,151,149,94.0,38.0,2,0.6308724832214765,0.2550335570469799,0.9867549668874173,平均
AP,4,240201040002,CALEDONIA-MUMFORD M/HS,5.0,AVERAGE NEEDS,24.0,LIVINGSTON,0.0,122,115,86.0,51.0,2,0.7478260869565218,0.4434782608695652,0.9426229508196722,平均
AP,4,240401040001,GENESEO MIDDLE SCHOOL HIGH SCHOOL,5.0,AVERAGE NEEDS,24.0,LIVINGSTON,0.0,107,90,85.0,62.0,7,0.9444444444444444,0.6888888888888889,0.8411214953271028,平均
AP,4,240801060002,LIVONIA MIDDLE/HIGH SCHOOL,5.0,AVERAGE NEEDS,24.0,LIVINGSTON,0.0,270,265,193.0,111.0,4,0.7283018867924528,0.4188679245283019,0.9814814814814815,平均
AP,4,241001060003,DANSVILLE HIGH SCHOOL,4.0,RURAL HIGH NEEDS,24.0,LIVINGSTON,0.0,86,65,47.0,30.0,12,0.7230769230769231,0.46153846153846156,0.7558139534883721,农村
AP,4,241101040003,DALTON-NUNDA SECONDARY SCHOOL,5.0,AVERAGE NEEDS,24.0,LIVINGSTON,0.0,5,0,0.0,0.0,3,,,0.0,平均
AP,4,250201060002,CAZENOVIA HIGH SCHOOL,5.0,AVERAGE NEEDS,25.0,MADISON,0.0,335,328,252.0,153.0,6,0.7682926829268293,0.46646341463414637,0.9791044776119403,平均
AP,4,250701040001,HAMILTON JUNIOR-SENIOR HIGH SCHOOL,5.0,AVERAGE NEEDS,25.0,MADISON,0.0,136,129,95.0,65.0,4,0.7364341085271318,0.5038759689922481,0.9485294117647058,平均
AP,4,251400010009,ONEIDA SENIOR HIGH SCHOOL,5.0,AVERAGE NEEDS,25.0,MADISON,0.0,124,118,80.0,52.0,2,0.6779661016949152,0.4406779661016949,0.9516129032258065,平均
AP,4,251601060005,CHITTENANGO HIGH SCHOOL,5.0,AVERAGE NEEDS,25.0,MADISON,0.0,213,193,118.0,59.0,11,0.6113989637305699,0.30569948186528495,0.9061032863849765,平均
AP,4,260101060004,BRIGHTON HIGH SCHOOL,6.0,LOW NEEDS,26.0,MONROE,0.0,1130,1080,952.0,698.0,26,0.8814814814814815,0.6462962962962963,0.9557522123893806,低N/RC
AP,4,260101060008,TWELVE CORNERS MIDDLE SCHOOL,6.0,LOW NEEDS,26.0,MONROE,0.0,1,0,0.0,0.0,1,,,0.0,低N/RC
AP,4,260401060001,GATES CHILI HIGH SCHOOL,5.0,AVERAGE NEEDS,26.0,MONROE,0.0,201,176,108.0,61.0,9,0.6136363636363636,0.3465909090909091,0.8756218905472637,平均
AP,4,260501060008,OLYMPIA HIGH SCHOOL,5.0,AVERAGE NEEDS,26.0,MONROE,0.0,109,101,50.0,25.0,4,0.49504950495049505,0.24752475247524752,0.926605504587156,平均
AP,4,260501060010,ARCADIA HIGH SCHOOL,5.0,AVERAGE NEEDS,26.0,MONROE,0.0,274,253,149.0,51.0,11,0.5889328063241107,0.2015810276679842,0.9233576642335767,平均
AP,4,260501060013,ODYSSEY ACADEMY,5.0,AVERAGE NEEDS,26.0,MONROE,0.0,162,146,80.0,41.0,8,0.547945205479452,0.2808219178082192,0.9012345679012346,平均
AP,4,260501060019,ATHENA HIGH SCHOOL,5.0,AVERAGE NEEDS,26.0,MONROE,0.0,315,307,192.0,104.0,4,0.6254071661237784,0.33876221498371334,0.9746031746031746,平均
AP,4,260801060006,EASTRIDGE SENIOR HIGH SCHOOL,5.0,AVERAGE NEEDS,26.0,MONROE,0.0,177,171,106.0,46.0,3,0.6198830409356725,0.26900584795321636,0.9661016949152542,平均
AP,4,260803060005,IRONDEQUOIT HIGH SCHOOL,5.0,AVERAGE NEEDS,26.0,MONROE,0.0,414,390,309.0,211.0,11,0.7923076923076923,0.541025641025641,0.9420289855072463,平均
AP,4,260901060004,HONEOYE FALLS-LIMA SENIOR HIGH SCH,5.0,AVERAGE NEEDS,26.0,MONROE,0.0,560,539,462.0,329.0,11,0.8571428571428571,0.6103896103896104,0.9625,平均
AP,4,261001060001,SPENCERPORT HIGH SCHOOL,5.0,AVERAGE NEEDS,26.0,MONROE,0.0,397,376,258.0,135.0,11,0.6861702127659575,0.35904255319148937,0.947103274559194,平均
AP,4,261101060004,HILTON HIGH SCHOOL,5.0,AVERAGE NEEDS,26.0,MONROE,0.0,391,376,252.0,130.0,8,0.6702127659574468,0.34574468085106386,0.9616368286445013,平均
AP,4,261201060006,PENFIELD SENIOR HIGH SCHOOL,5.0,AVERAGE NEEDS,26.0,MONROE,0.0,785,768,620.0,426.0,9,0.8072916666666666,0.5546875,0.978343949044586,平均
AP,4,261301060009,FAIRPORT SENIOR HIGH SCHOOL,5.0,AVERAGE NEEDS,26.0,MONROE,0.0,774,748,667.0,467.0,14,0.8917112299465241,0.6243315508021391,0.9664082687338501,平均
AP,4,261313030002,EAST ROCHESTER JUNIOR-SENIOR HS,5.0,AVERAGE NEEDS,26.0,MONROE,0.0,86,69,49.0,18.0,4,0.7101449275362319,0.2608695652173913,0.8023255813953488,平均
AP,4,261401060006,PITTSFORD SUTHERLAND HIGH SCHOOL,6.0,LOW NEEDS,26.0,MONROE,0.0,1029,996,895.0,693.0,26,0.8985943775100401,0.6957831325301205,0.967930029154519,低N/RC
AP,4,261401060008,BARKER ROAD MIDDLE SCHOOL,6.0,LOW NEEDS,26.0,MONROE,0.0,7,0,0.0,0.0,7,,,0.0,低N/RC
AP,4,261401060010,PITTSFORD-MENDON HIGH SCHOOL,6.0,LOW NEEDS,26.0,MONROE,0.0,1162,1123,1039.0,816.0,20,0.92520035618878,0.7266251113089938,0.9664371772805508,低N/RC
AP,4,261401060011,CALKINS ROAD MIDDLE SCHOOL,6.0,LOW NEEDS,26.0,MONROE,0.0,1,0,0.0,0.0,1,,,0.0,低N/RC
AP,4,261501060004,CHURCHVILLE-CHILI SENIOR HIGH SCHOOL,5.0,AVERAGE NEEDS,26.0,MONROE,0.0,401,389,275.0,155.0,5,0.7069408740359897,0.39845758354755784,0.970074812967581,平均
AP,4,261600010058,SCHOOL 58-WORLD OF INQUIRY SCHOOL,2.0,LARGE CITY,26.0,MONROE,0.0,52,48,13.0,1.0,1,0.2708333333333333,0.020833333333333332,0.9230769230769231,大城市
AP,4,261600010061,EAST UPPER HIGH SCHOOL,2.0,LARGE CITY,26.0,MONROE,0.0,103,89,19.0,9.0,6,0.21348314606741572,0.10112359550561797,0.8640776699029126,大城市
AP,4,261600010066,JAMES MONROE UPPER SCHOOL,2.0,LARGE CITY,26.0,MONROE,0.0,28,12,1.0,0.0,5,0.08333333333333333,0.0,0.42857142857142855,大城市
AP,4,261600010067,JOSEPH C WILSON MAGNET HIGH SCH,2.0,LARGE CITY,26.0,MONROE,0.0,93,85,15.0,8.0,1,0.17647058823529413,0.09411764705882353,0.9139784946236559,大城市
AP,4,261600010069,SCHOOL WITHOUT WALLS,2.0,LARGE CITY,26.0,MONROE,0.0,7,0,0.0,0.0,5,,,0.0,大城市
AP,4,261600010073,NORTHEAST COLLEGE PREP HIGH SCHOOL,2.0,LARGE CITY,26.0,MONROE,0.0,11,11,1.0,0.0,0,0.09090909090909091,0.0,1.0,大城市
AP,4,261600010074,SCHOOL OF THE ARTS,2.0,LARGE CITY,26.0,MONROE,0.0,293,243,153.0,82.0,17,0.6296296296296297,0.3374485596707819,0.8293515358361775,大城市
AP,4,261600010095,EDISON CAREER AND TECHNOLOGY HIGH,2.0,LARGE CITY,26.0,MONROE,0.0,91,55,5.0,0.0,6,0.09090909090909091,0.0,0.6043956043956044,大城市
AP,4,261600010102,ROCHESTER EARLY COLLEGE INTERNA HS,2.0,LARGE CITY,26.0,MONROE,0.0,1,0,0.0,0.0,1,,,0.0,大城市
AP,4,261600010108,FRANKLIN UPPER SCHOOL,2.0,LARGE CITY,26.0,MONROE,0.0,27,6,1.0,0.0,1,0.16666666666666666,0.0,0.2222222222222222,大城市
AP,4,261701060013,RUSH-HENRIETTA SENIOR HIGH SCHOOL,5.0,AVERAGE NEEDS,26.0,MONROE,0.0,786,773,561.0,366.0,8,0.7257438551099612,0.47347994825355755,0.9834605597964376,平均
AP,4,261801060003,BROCKPORT HIGH SCHOOL,5.0,AVERAGE NEEDS,26.0,MONROE,0.0,302,265,196.0,109.0,16,0.7396226415094339,0.41132075471698115,0.8774834437086093,平均
AP,4,261901060009,WEBSTER-SCHROEDER HIGH SCHOOL,5.0,AVERAGE NEEDS,26.0,MONROE,0.0,699,677,508.0,317.0,12,0.7503692762186115,0.46824224519940916,0.9685264663805436,平均
AP,4,261901060015,THOMAS HIGH SCHOOL,5.0,AVERAGE NEEDS,26.0,MONROE,0.0,884,840,665.0,455.0,14,0.7916666666666666,0.5416666666666666,0.9502262443438914,平均
AP,4,262001040003,WHEATLAND-CHILI HIGH SCHOOL,5.0,AVERAGE NEEDS,26.0,MONROE,0.0,75,67,48.0,22.0,3,0.7164179104477612,0.3283582089552239,0.8933333333333333,平均
AP,4,270100010010,AMSTERDAM HIGH SCHOOL,4.0,RURAL HIGH NEEDS,27.0,MONTGOMERY,0.0,130,123,46.0,24.0,4,0.37398373983739835,0.1951219512195122,0.9461538461538461,农村
AP,4,270301040002,CANAJOHARIE SENIOR HIGH SCHOOL,4.0,RURAL HIGH NEEDS,27.0,MONTGOMERY,0.0,76,76,44.0,26.0,0,0.5789473684210527,0.34210526315789475,1.0,农村
AP,4,270601040002,FONDA-FULTONVILLE SENIOR HIGH SCHOOL,5.0,AVERAGE NEEDS,27.0,MONTGOMERY,0.0,4,0,0.0,0.0,2,,,0.0,平均
AP,4,270701040003,FORT PLAIN JUNIOR-SENIOR HIGH SCHOOL,4.0,RURAL HIGH NEEDS,27.0,MONTGOMERY,0.0,14,11,8.0,2.0,1,0.7272727272727273,0.18181818181818182,0.7857142857142857,农村
AP,4,271201040004,OPPENHEIM-EPHRATAH-ST JOHNSVILLE JS,4.0,RURAL HIGH NEEDS,27.0,MONTGOMERY,0.0,6,6,5.0,0.0,0,0.8333333333333334,0.0,1.0,农村
AP,4,280100010007,GLEN COVE HIGH SCHOOL,5.0,AVERAGE NEEDS,28.0,NASSAU,0.0,637,609,380.0,188.0,13,0.6239737274220033,0.30870279146141216,0.9560439560439561,平均
AP,4,280201030007,HEMPSTEAD HIGH SCHOOL,3.0,URBAN/SUBURBAN/HIGH NEEDS,28.0,NASSAU,0.0,480,451,208.0,96.0,13,0.4611973392461197,0.21286031042128603,0.9395833333333333,城市-郊区
AP,4,280201860934,ACADEMY CHARTER SCHOOL,7.0,CHARTER SCHOOL,28.0,NASSAU,0.0,189,170,88.0,35.0,5,0.5176470588235295,0.20588235294117646,0.8994708994708994,特许学校
AP,4,280202030010,UNIONDALE HIGH SCHOOL,3.0,URBAN/SUBURBAN/HIGH NEEDS,28.0,NASSAU,0.0,860,813,438.0,191.0,21,0.5387453874538746,0.23493234932349324,0.9453488372093023,城市-郊区
AP,4,280202861142,ACADEMY CHARTER SCHOOL-UNIONDALE,7.0,CHARTER SCHOOL,28.0,NASSAU,0.0,118,114,28.0,8.0,1,0.24561403508771928,0.07017543859649122,0.9661016949152542,特许学校
AP,4,280203030010,W TRESPER CLARKE HIGH SCHOOL,6.0,LOW NEEDS,28.0,NASSAU,0.0,647,627,525.0,320.0,8,0.8373205741626795,0.5103668261562998,0.9690880989180835,低N/RC
AP,4,280203030011,EAST MEADOW HIGH SCHOOL,6.0,LOW NEEDS,28.0,NASSAU,0.0,857,841,750.0,516.0,11,0.89179548156956,0.6135552913198573,0.9813302217036173,低N/RC
AP,4,280205030015,DIVISION AVENUE SENIOR HIGH SCHOOL,5.0,AVERAGE NEEDS,28.0,NASSAU,0.0,833,800,576.0,332.0,16,0.72,0.415,0.9603841536614646,平均
AP,4,280205030016,GEN DOUGLAS MACARTHUR SENIOR HS,5.0,AVERAGE NEEDS,28.0,NASSAU,0.0,911,888,630.0,409.0,11,0.7094594594594594,0.4605855855855856,0.9747530186608123,平均
AP,4,280206030006,SEAFORD SENIOR HIGH SCHOOL,6.0,LOW NEEDS,28.0,NASSAU,0.0,621,595,421.0,202.0,13,0.7075630252100841,0.33949579831932775,0.9581320450885669,低N/RC
AP,4,280208030005,ROOSEVELT HIGH SCHOOL,3.0,URBAN/SUBURBAN/HIGH NEEDS,28.0,NASSAU,0.0,218,195,70.0,21.0,8,0.358974358974359,0.1076923076923077,0.8944954128440367,城市-郊区
AP,4,280209030007,FREEPORT HIGH SCHOOL,3.0,URBAN/SUBURBAN/HIGH NEEDS,28.0,NASSAU,0.0,808,755,410.0,218.0,23,0.543046357615894,0.28874172185430463,0.9344059405940595,城市-郊区
AP,4,280210030013,BALDWIN SENIOR HIGH SCHOOL,6.0,LOW NEEDS,28.0,NASSAU,0.0,996,973,664.0,398.0,15,0.6824254881808839,0.4090441932168551,0.9769076305220884,低N/RC
AP,4,280211030010,SCHOOL 7-OCEANSIDE SENIOR HS,6.0,LOW NEEDS,28.0,NASSAU,0.0,1124,1078,731.0,437.0,21,0.6781076066790352,0.40538033395176254,0.9590747330960854,低N/RC
AP,4,280211030011,CASTLETON ACADEMY HS OF OCEANSIDE,6.0,LOW NEEDS,28.0,NASSAU,0.0,1,0,0.0,0.0,1,,,0.0,低N/RC
AP,4,280212030005,MALVERNE SENIOR HIGH SCHOOL,5.0,AVERAGE NEEDS,28.0,NASSAU,0.0,414,401,311.0,166.0,9,0.7755610972568578,0.4139650872817955,0.9685990338164251,平均
AP,4,280214030007,GEORGE W HEWLETT HIGH SCHOOL,6.0,LOW NEEDS,28.0,NASSAU,0.0,864,824,648.0,393.0,20,0.7864077669902912,0.47694174757281554,0.9537037037037037,低N/RC
AP,4,280215030007,LAWRENCE SENIOR HIGH SCHOOL,5.0,AVERAGE NEEDS,28.0,NASSAU,0.0,236,201,136.0,69.0,9,0.6766169154228856,0.34328358208955223,0.8516949152542372,平均
AP,4,280218030007,GARDEN CITY HIGH SCHOOL,6.0,LOW NEEDS,28.0,NASSAU,0.0,1572,1539,1309.0,906.0,20,0.8505523066926576,0.5886939571150097,0.9790076335877863,低N/RC
AP,4,280219030002,EAST ROCKAWAY JUNIOR-SENIOR HIGH SCH,5.0,AVERAGE NEEDS,28.0,NASSAU,0.0,286,268,186.0,97.0,10,0.6940298507462687,0.3619402985074627,0.9370629370629371,平均
AP,4,280220030007,LYNBROOK SENIOR HIGH SCHOOL,6.0,LOW NEEDS,28.0,NASSAU,0.0,961,936,532.0,314.0,16,0.5683760683760684,0.33547008547008544,0.9739854318418314,低N/RC
AP,4,280221030001,SOUTH SIDE HIGH SCHOOL,6.0,LOW NEEDS,28.0,NASSAU,0.0,155,149,101.0,57.0,6,0.6778523489932886,0.3825503355704698,0.9612903225806452,低N/RC
AP,4,280223030005,WANTAGH SENIOR HIGH SCHOOL,6.0,LOW NEEDS,28.0,NASSAU,0.0,693,678,526.0,329.0,10,0.775811209439528,0.48525073746312686,0.9783549783549783,低N/RC
AP,4,280226030006,ISLAND TREES HIGH SCHOOL,5.0,AVERAGE NEEDS,28.0,NASSAU,0.0,636,611,438.0,242.0,10,0.7168576104746317,0.3960720130932897,0.960691823899371,平均
AP,4,280227030005,WEST HEMPSTEAD SECONDARY,5.0,AVERAGE NEEDS,28.0,NASSAU,0.0,329,309,209.0,98.0,5,0.6763754045307443,0.31715210355987056,0.939209726443769,平均
AP,4,280251070001,VALLEY STREAM MEMORIAL JR HIGH SCHOO,6.0,LOW NEEDS,28.0,NASSAU,0.0,38,38,19.0,12.0,0,0.5,0.3157894736842105,1.0,低N/RC
AP,4,280251070002,VALLEY STREAM NORTH HIGH SCHOOL,6.0,LOW NEEDS,28.0,NASSAU,0.0,810,783,568.0,313.0,13,0.7254150702426565,0.3997445721583653,0.9666666666666667,低N/RC
AP,4,280251070003,VALLEY STREAM SOUTH HIGH SCHOOL,6.0,LOW NEEDS,28.0,NASSAU,0.0,662,626,496.0,310.0,20,0.792332268370607,0.4952076677316294,0.945619335347432,低N/RC
AP,4,280251070004,VALLEY STREAM CENTRAL HIGH SCHOOL,6.0,LOW NEEDS,28.0,NASSAU,0.0,1465,1429,951.0,474.0,17,0.6655003498950315,0.33170048985304407,0.9754266211604096,低N/RC
AP,4,280252070002,ELMONT MEMORIAL HIGH SCHOOL,6.0,LOW NEEDS,28.0,NASSAU,0.0,736,710,382.0,173.0,10,0.5380281690140845,0.24366197183098592,0.9646739130434783,低N/RC
AP,4,280252070003,FLORAL PARK MEMORIAL HIGH SCHOOL,6.0,LOW NEEDS,28.0,NASSAU,0.0,865,860,554.0,333.0,5,0.6441860465116279,0.3872093023255814,0.9942196531791907,低N/RC
AP,4,280252070004,H FRANK CAREY HIGH SCHOOL,6.0,LOW NEEDS,28.0,NASSAU,0.0,860,829,515.0,283.0,19,0.6212303980699638,0.3413751507840772,0.963953488372093,低N/RC
AP,4,280252070005,NEW HYDE PARK MEMORIAL HIGH SCHOOL,6.0,LOW NEEDS,28.0,NASSAU,0.0,1420,1387,982.0,592.0,21,0.7080028839221341,0.4268204758471521,0.9767605633802817,低N/RC
AP,4,280252070006,SEWANHAKA HIGH SCHOOL,6.0,LOW NEEDS,28.0,NASSAU,0.0,923,890,498.0,275.0,16,0.5595505617977528,0.3089887640449438,0.9642470205850487,低N/RC
AP,4,280253070005,SANFORD H CALHOUN HIGH SCHOOL,6.0,LOW NEEDS,28.0,NASSAU,0.0,1249,1223,879.0,511.0,14,0.7187244480784954,0.4178250204415372,0.9791833466773419,低N/RC
AP,4,280253070006,WELLINGTON C MEPHAM HIGH,6.0,LOW NEEDS,28.0,NASSAU,0.0,1181,1163,871.0,529.0,9,0.7489251934651763,0.4548581255374033,0.9847586790855207,低N/RC
AP,4,280253070007,JOHN F KENNEDY HIGH SCHOOL,6.0,LOW NEEDS,28.0,NASSAU,0.0,1190,1163,878.0,553.0,16,0.7549441100601891,0.4754944110060189,0.9773109243697479,低N/RC
AP,4,280300010008,LONG BEACH HIGH SCHOOL,5.0,AVERAGE NEEDS,28.0,NASSAU,0.0,387,363,240.0,152.0,13,0.6611570247933884,0.418732782369146,0.937984496124031,平均
AP,4,280401030007,WESTBURY HIGH SCHOOL,3.0,URBAN/SUBURBAN/HIGH NEEDS,28.0,NASSAU,0.0,269,263,181.0,106.0,3,0.688212927756654,0.40304182509505704,0.9776951672862454,城市-郊区
AP,4,280402030003,WHEATLEY SCHOOL,6.0,LOW NEEDS,28.0,NASSAU,0.0,946,904,733.0,477.0,23,0.8108407079646017,0.5276548672566371,0.9556025369978859,低N/RC
AP,4,280403030008,ROSLYN HIGH SCHOOL,6.0,LOW NEEDS,28.0,NASSAU,0.0,1558,1535,1215.0,875.0,11,0.7915309446254072,0.5700325732899023,0.9852374839537869,低N/RC
AP,4,280404030009,PAUL D SCHREIBER SENIOR HIGH SCHOOL,6.0,LOW NEEDS,28.0,NASSAU,0.0,1866,1832,1523.0,1048.0,18,0.8313318777292577,0.5720524017467249,0.9817792068595927,低N/RC
AP,4,280406030002,MANHASSET SECONDARY SCHOOL,6.0,LOW NEEDS,28.0,NASSAU,0.0,1767,1743,1471.0,1067.0,14,0.8439472174411934,0.6121629374641423,0.9864176570458404,低N/RC
AP,4,280406030005,MANHASSET MIDDLE SCHOOL,6.0,LOW NEEDS,28.0,NASSAU,0.0,20,20,19.0,19.0,0,0.95,0.95,1.0,低N/RC
AP,4,280407030014,GREAT NECK SOUTH HIGH SCHOOL,6.0,LOW NEEDS,28.0,NASSAU,0.0,1886,1836,1681.0,1383.0,23,0.9155773420479303,0.7532679738562091,0.9734888653234358,低N/RC
AP,4,280407030015,GREAT NECK NORTH HIGH SCHOOL,6.0,LOW NEEDS,28.0,NASSAU,0.0,1364,1331,1182.0,942.0,15,0.8880540946656649,0.7077385424492862,0.9758064516129032,低N/RC
AP,4,280407030016,VILLAGE SCHOOL,6.0,LOW NEEDS,28.0,NASSAU,0.0,11,0,0.0,0.0,9,,,0.0,低N/RC
AP,4,280409030008,HERRICKS HIGH SCHOOL,6.0,LOW NEEDS,28.0,NASSAU,0.0,2400,2377,1885.0,1258.0,10,0.7930164072360117,0.5292385359697097,0.9904166666666666,低N/RC
AP,4,280410030006,MINEOLA HIGH SCHOOL,6.0,LOW NEEDS,28.0,NASSAU,0.0,834,817,542.0,278.0,9,0.6634026927784578,0.3402692778457772,0.9796163069544365,低N/RC
AP,4,280411030003,CARLE PLACE MIDDLE SENIOR HIGH SCH,6.0,LOW NEEDS,28.0,NASSAU,0.0,279,258,199.0,109.0,13,0.7713178294573644,0.42248062015503873,0.9247311827956989,低N/RC
AP,4,280501060004,NORTH SHORE SENIOR HIGH SCHOOL,6.0,LOW NEEDS,28.0,NASSAU,0.0,627,597,496.0,331.0,15,0.830820770519263,0.5544388609715243,0.9521531100478469,低N/RC
AP,4,280502060014,SYOSSET SENIOR HIGH SCHOOL,6.0,LOW NEEDS,28.0,NASSAU,0.0,3391,3336,2936.0,2218.0,31,0.8800959232613909,0.6648681055155875,0.9837805956944854,低N/RC
AP,4,280503060003,LOCUST VALLEY HIGH SCHOOL,6.0,LOW NEEDS,28.0,NASSAU,0.0,203,167,122.0,85.0,18,0.7305389221556886,0.5089820359281437,0.8226600985221675,低N/RC
AP,4,280504060010,PLAINVIEW-OLD BETHPAGE/JFK HS,6.0,LOW NEEDS,28.0,NASSAU,0.0,2113,2075,1831.0,1221.0,17,0.8824096385542168,0.588433734939759,0.9820160908660672,低N/RC
AP,4,280506060002,OYSTER BAY HIGH SCHOOL,6.0,LOW NEEDS,28.0,NASSAU,0.0,388,351,267.0,151.0,14,0.7606837606837606,0.4301994301994302,0.904639175257732,低N/RC
AP,4,280515030005,JERICHO SENIOR HIGH SCHOOL,6.0,LOW NEEDS,28.0,NASSAU,0.0,2501,2477,2043.0,1394.0,12,0.8247880500605571,0.5627775534921275,0.9904038384646141,低N/RC
AP,4,280517030010,HICKSVILLE HIGH SCHOOL,5.0,AVERAGE NEEDS,28.0,NASSAU,0.0,994,957,743.0,462.0,17,0.7763845350052246,0.4827586206896552,0.9627766599597586,平均
AP,4,280518030009,PLAINEDGE SENIOR HIGH SCHOOL,6.0,LOW NEEDS,28.0,NASSAU,0.0,432,405,306.0,167.0,11,0.7555555555555555,0.4123456790123457,0.9375,低N/RC
AP,4,280521030006,BETHPAGE SENIOR HIGH SCHOOL,6.0,LOW NEEDS,28.0,NASSAU,0.0,920,869,757.0,485.0,23,0.8711162255466053,0.5581127733026467,0.9445652173913044,低N/RC
AP,4,280522030009,FARMINGDALE SENIOR HIGH SCHOOL,5.0,AVERAGE NEEDS,28.0,NASSAU,0.0,768,726,513.0,281.0,21,0.7066115702479339,0.38705234159779617,0.9453125,平均
AP,4,280523030011,MASSAPEQUA HIGH SCHOOL,6.0,LOW NEEDS,28.0,NASSAU,0.0,1451,1438,1146.0,692.0,6,0.7969401947148818,0.4812239221140473,0.9910406616126809,低N/RC
AP,4,280523030014,MHS AMES CAMPUS,6.0,LOW NEEDS,28.0,NASSAU,0.0,81,81,73.0,61.0,0,0.9012345679012346,0.7530864197530864,1.0,低N/RC
AP,4,30101060003,CHENANGO FORKS HIGH SCHOOL,5.0,AVERAGE NEEDS,3.0,BROOME,0.0,26,25,17.0,11.0,1,0.68,0.44,0.9615384615384616,平均
AP,4,30200010021,BINGHAMTON HIGH SCHOOL,3.0,URBAN/SUBURBAN/HIGH NEEDS,3.0,BROOME,0.0,162,161,58.0,21.0,1,0.36024844720496896,0.13043478260869565,0.9938271604938271,城市-郊区
AP,4,30601060006,SUSQUEHANNA VALLEY SENIOR HIGH SCH,5.0,AVERAGE NEEDS,3.0,BROOME,0.0,90,85,57.0,23.0,3,0.6705882352941176,0.27058823529411763,0.9444444444444444,平均
AP,4,30701060001,CHENANGO VALLEY HIGH SCHOOL,4.0,RURAL HIGH NEEDS,3.0,BROOME,0.0,95,81,58.0,29.0,5,0.7160493827160493,0.35802469135802467,0.8526315789473684,农村
AP,4,310100011292,ORCHARD COLLEGIATE ACADEMY,1.0,NEW YORK CITY,31.0,NEW YORK,1.0,72,72,33.0,9.0,0,0.4583333333333333,0.125,1.0,纽约市
AP,4,310100011448,UNIVERSITY NEIGHBORHOOD HIGH SCHOOL,1.0,NEW YORK CITY,31.0,NEW YORK,1.0,396,376,199.0,87.0,9,0.5292553191489362,0.23138297872340424,0.9494949494949495,纽约市
AP,4,310100011450,EAST SIDE COMMUNITY SCHOOL,1.0,NEW YORK CITY,31.0,NEW YORK,1.0,107,102,55.0,22.0,5,0.5392156862745098,0.21568627450980393,0.9532710280373832,纽约市
AP,4,310100011515,LOWER EAST SIDE PREP HS,1.0,NEW YORK CITY,31.0,NEW YORK,1.0,151,81,46.0,33.0,11,0.5679012345679012,0.4074074074074074,0.5364238410596026,纽约市
AP,4,310100011539,"NEW EXPLORATIONS SCI, TECH & MATH",1.0,NEW YORK CITY,31.0,NEW YORK,1.0,888,864,722.0,531.0,12,0.8356481481481481,0.6145833333333334,0.972972972972973,纽约市
AP,4,310100011650,CASCADES HIGH SCHOOL,1.0,NEW YORK CITY,31.0,NEW YORK,1.0,6,0,0.0,0.0,5,,,0.0,纽约市
AP,4,310100011696,BARD HIGH SCHOOL EARLY COLLEGE,1.0,NEW YORK CITY,31.0,NEW YORK,1.0,1,0,0.0,0.0,1,,,0.0,纽约市
AP,4,310200010047,AMERICAN SIGN LANG & ENG SECONDAR,1.0,NEW YORK CITY,31.0,NEW YORK,1.0,76,46,11.0,4.0,2,0.2391304347826087,0.08695652173913043,0.6052631578947368,纽约市
AP,4,310200010260,CLINTON SCHOOL,1.0,NEW YORK CITY,31.0,NEW YORK,1.0,2,0,0.0,0.0,2,,,0.0,纽约市
AP,4,310200010412,NYC LAB HS-COLLABORATIVE STUDIES,1.0,NEW YORK CITY,31.0,NEW YORK,1.0,177,165,124.0,61.0,7,0.7515151515151515,0.3696969696969697,0.9322033898305084,纽约市
AP,4,310200010413,SCHOOL OF THE FUTURE HIGH SCHOOL,1.0,NEW YORK CITY,31.0,NEW YORK,1.0,80,63,32.0,9.0,5,0.5079365079365079,0.14285714285714285,0.7875,纽约市
AP,4,310200010414,NYC MUSEUM SCHOOL,1.0,NEW YORK CITY,31.0,NEW YORK,1.0,241,237,171.0,108.0,3,0.7215189873417721,0.45569620253164556,0.983402489626556,纽约市
AP,4,310200010416,ELEANOR ROOSEVELT HIGH SCHOOL,1.0,NEW YORK CITY,31.0,NEW YORK,1.0,435,430,322.0,219.0,4,0.7488372093023256,0.5093023255813953,0.9885057471264368,纽约市
AP,4,310200010418,MILLENNIUM HIGH SCHOOL,1.0,NEW YORK CITY,31.0,NEW YORK,1.0,265,261,232.0,159.0,2,0.8888888888888888,0.6091954022988506,0.9849056603773585,纽约市
AP,4,310200011139,STEPHEN T MATHER BLDG ARTS-CRAFTSMAN,1.0,NEW YORK CITY,31.0,NEW YORK,1.0,109,77,29.0,11.0,6,0.37662337662337664,0.14285714285714285,0.7064220183486238,纽约市
AP,4,310200011282,URBAN ASSEMBLY MAKER ACADEMY,1.0,NEW YORK CITY,31.0,NEW YORK,1.0,33,33,8.0,2.0,0,0.24242424242424243,0.06060606060606061,1.0,纽约市
AP,4,310200011288,FOOD AND FINANCE HIGH SCHOOL,1.0,NEW YORK CITY,31.0,NEW YORK,1.0,214,189,16.0,2.0,3,0.08465608465608465,0.010582010582010581,0.883177570093458,纽约市
AP,4,310200011296,HIGH SCHOOL OF HOSPITALITY MGMNT,1.0,NEW YORK CITY,31.0,NEW YORK,1.0,17,9,1.0,0.0,5,0.1111111111111111,0.0,0.5294117647058824,纽约市
AP,4,310200011298,PACE HIGH SCHOOL,1.0,NEW YORK CITY,31.0,NEW YORK,1.0,86,84,37.0,21.0,2,0.44047619047619047,0.25,0.9767441860465116,纽约市
AP,4,310200011300,URBAN ASSMBLY SCH-DESIGN & CONST,1.0,NEW YORK CITY,31.0,NEW YORK,1.0,34,5,4.0,1.0,2,0.8,0.2,0.14705882352941177,纽约市
AP,4,310200011303,FACING HISTORY SCHOOL,1.0,NEW YORK CITY,31.0,NEW YORK,1.0,7,0,0.0,0.0,0,,,0.0,纽约市
AP,4,310200011305,URBAN ACADEMY-GOVERNMENT & LAW,1.0,NEW YORK CITY,31.0,NEW YORK,1.0,30,30,14.0,8.0,0,0.4666666666666667,0.26666666666666666,1.0,纽约市
AP,4,310200011308,LOWER MANHATTAN ARTS ACADEMY,1.0,NEW YORK CITY,31.0,NEW YORK,1.0,10,0,0.0,0.0,1,,,0.0,纽约市
AP,4,310200011374,GRAMERCY ARTS HIGH SCHOOL,1.0,NEW YORK CITY,31.0,NEW YORK,1.0,166,160,62.0,27.0,3,0.3875,0.16875,0.963855421686747,纽约市
AP,4,310200011376,NYC ISCHOOL,1.0,NEW YORK CITY,31.0,NEW YORK,1.0,14,9,9.0,9.0,3,1.0,1.0,0.6428571428571429,纽约市
AP,4,310200011392,MANHATTAN BUSINESS ACADEMY,1.0,NEW YORK CITY,31.0,NEW YORK,1.0,8,5,4.0,2.0,1,0.8,0.4,0.625,纽约市
AP,4,310200011393,BUSINESS OF SPORTS SCHOOL,1.0,NEW YORK CITY,31.0,NEW YORK,1.0,36,20,3.0,0.0,1,0.15,0.0,0.5555555555555556,纽约市
AP,4,310200011394,EMMA LAZARUS HIGH SCHOOL,1.0,NEW YORK CITY,31.0,NEW YORK,1.0,7,0,0.0,0.0,3,,,0.0,纽约市
AP,4,310200011399,HIGH SCHOOL-LANGUAGE AND DIPLOMACY,1.0,NEW YORK CITY,31.0,NEW YORK,1.0,13,0,0.0,0.0,4,,,0.0,纽约市
AP,4,310200011400,HS FOR ENVIRONMENTAL STUDIES,1.0,NEW YORK CITY,31.0,NEW YORK,1.0,315,293,127.0,58.0,9,0.4334470989761092,0.19795221843003413,0.9301587301587302,纽约市
AP,4,310200011408,PROFESSIONAL PERF ARTS HIGH SCHOOL,1.0,NEW YORK CITY,31.0,NEW YORK,1.0,89,72,36.0,8.0,9,0.5,0.1111111111111111,0.8089887640449438,纽约市
AP,4,310200011411,BARUCH COLLEGE CAMPUS HIGH SCHOOL,1.0,NEW YORK CITY,31.0,NEW YORK,1.0,168,168,84.0,27.0,0,0.5,0.16071428571428573,1.0,纽约市
AP,4,310200011419,LANDMARK HIGH SCHOOL,1.0,NEW YORK CITY,31.0,NEW YORK,1.0,59,53,18.0,7.0,3,0.33962264150943394,0.1320754716981132,0.8983050847457628,纽约市
AP,4,310200011420,HS-HEALTH PROFESSIONS & HUMAN SVCS,1.0,NEW YORK CITY,31.0,NEW YORK,1.0,567,543,222.0,98.0,6,0.4088397790055249,0.18047882136279927,0.9576719576719577,纽约市
AP,4,310200011422,QUEST TO LEARN,1.0,NEW YORK CITY,31.0,NEW YORK,1.0,24,7,4.0,1.0,7,0.5714285714285714,0.14285714285714285,0.2916666666666667,纽约市
AP,4,310200011425,LEADERSHIP & PUBLIC SERVICE HS,1.0,NEW YORK CITY,31.0,NEW YORK,1.0,29,28,5.0,1.0,1,0.17857142857142858,0.03571428571428571,0.9655172413793104,纽约市
AP,4,310200011427,MANHATTAN ACAD-ARTS AND LANGUAGE,1.0,NEW YORK CITY,31.0,NEW YORK,1.0,27,17,17.0,16.0,3,1.0,0.9411764705882353,0.6296296296296297,纽约市
AP,4,310200011432,MURRAY HILL ACADEMY,1.0,NEW YORK CITY,31.0,NEW YORK,1.0,64,57,16.0,8.0,5,0.2807017543859649,0.14035087719298245,0.890625,纽约市
AP,4,310200011437,HUDSON HS OF LEARNING TECHNOLOGIES,1.0,NEW YORK CITY,31.0,NEW YORK,1.0,62,45,11.0,4.0,7,0.24444444444444444,0.08888888888888889,0.7258064516129032,纽约市
AP,4,310200011438,INTERNATIONAL HS AT UNION SQUARE,1.0,NEW YORK CITY,31.0,NEW YORK,1.0,10,7,7.0,3.0,1,1.0,0.42857142857142855,0.7,纽约市
AP,4,310200011439,MANHATTAN VILLAGE ACADEMY,1.0,NEW YORK CITY,31.0,NEW YORK,1.0,277,260,127.0,72.0,13,0.48846153846153845,0.27692307692307694,0.9386281588447654,纽约市
AP,4,310200011449,VANGUARD HIGH SCHOOL,1.0,NEW YORK CITY,31.0,NEW YORK,1.0,13,9,1.0,0.0,2,0.1111111111111111,0.0,0.6923076923076923,纽约市
AP,4,310200011459,MANHATTAN INTERNATIONAL HIGH SCHOOL,1.0,NEW YORK CITY,31.0,NEW YORK,1.0,43,37,15.0,8.0,5,0.40540540540540543,0.21621621621621623,0.8604651162790697,纽约市
AP,4,310200011475,STUYVESANT HIGH SCHOOL,1.0,NEW YORK CITY,31.0,NEW YORK,1.0,3629,3575,3457.0,3118.0,29,0.9669930069930069,0.8721678321678321,0.9851198677321577,纽约市
AP,4,310200011489,HS OF ECONOMICS & FINANCE,1.0,NEW YORK CITY,31.0,NEW YORK,1.0,173,143,78.0,23.0,6,0.5454545454545454,0.16083916083916083,0.8265895953757225,纽约市
AP,4,310200011500,UNITY CENTER FOR URBAN TECHNOLOGIES,1.0,NEW YORK CITY,31.0,NEW YORK,1.0,56,51,11.0,1.0,4,0.21568627450980393,0.0196078431372549,0.9107142857142857,纽约市
AP,4,310200011507,URBAN ASSEMBLY GATEWAY SCHOOL-TECH,1.0,NEW YORK CITY,31.0,NEW YORK,1.0,99,99,31.0,7.0,0,0.31313131313131315,0.0707070707070707,1.0,纽约市
AP,4,310200011519,TALENT UNLIMITED HIGH SCHOOL,1.0,NEW YORK CITY,31.0,NEW YORK,1.0,116,100,24.0,8.0,4,0.24,0.08,0.8620689655172413,纽约市
AP,4,310200011520,MURRY BERGTRAUM HS-BUSINESS CAREERS,1.0,NEW YORK CITY,31.0,NEW YORK,1.0,9,0,0.0,0.0,5,,,0.0,纽约市
AP,4,310200011529,JACQUELINE KENNEDY-ONASSIS HS,1.0,NEW YORK CITY,31.0,NEW YORK,1.0,17,14,13.0,11.0,2,0.9285714285714286,0.7857142857142857,0.8235294117647058,纽约市
AP,4,310200011531,REPERTORY COMPANY HS FOR THEATRE ART,1.0,NEW YORK CITY,31.0,NEW YORK,1.0,72,68,33.0,15.0,4,0.4852941176470588,0.22058823529411764,0.9444444444444444,纽约市
AP,4,310200011533,UNION SQUARE ACAD FOR HEALTH SCIENCE,1.0,NEW YORK CITY,31.0,NEW YORK,1.0,153,130,43.0,14.0,8,0.33076923076923076,0.1076923076923077,0.8496732026143791,纽约市
AP,4,310200011534,HARVEST COLLEGIATE HIGH SCHOOL,1.0,NEW YORK CITY,31.0,NEW YORK,1.0,22,18,8.0,4.0,2,0.4444444444444444,0.2222222222222222,0.8181818181818182,纽约市
AP,4,310200011542,MANHATTAN BRIDGES HIGH SCHOOL,1.0,NEW YORK CITY,31.0,NEW YORK,1.0,216,194,135.0,88.0,2,0.6958762886597938,0.4536082474226804,0.8981481481481481,纽约市
AP,4,310200011543,NEW DESIGN HIGH SCHOOL,1.0,NEW YORK CITY,31.0,NEW YORK,1.0,70,60,13.0,6.0,2,0.21666666666666667,0.1,0.8571428571428571,纽约市
AP,4,310200011544,INDEPENDENCE HIGH SCHOOL,1.0,NEW YORK CITY,31.0,NEW YORK,1.0,11,5,3.0,2.0,3,0.6,0.4,0.45454545454545453,纽约市
AP,4,310200011545,HS-DUAL LANGUAGE & ASIAN STUDIES,1.0,NEW YORK CITY,31.0,NEW YORK,1.0,323,317,247.0,171.0,3,0.7791798107255521,0.5394321766561514,0.9814241486068112,纽约市
AP,4,310200011546,ACADEMY FOR SOFTWARE ENGINEERING,1.0,NEW YORK CITY,31.0,NEW YORK,1.0,92,90,19.0,10.0,2,0.2111111111111111,0.1111111111111111,0.9782608695652174,纽约市
AP,4,310200011550,LIBERTY HS ACADEMY-NEWCOMERS,1.0,NEW YORK CITY,31.0,NEW YORK,1.0,64,42,36.0,25.0,5,0.8571428571428571,0.5952380952380952,0.65625,纽约市
AP,4,310200011551,URBAN ASSEMBLY NY HARBOR SCHOOL,1.0,NEW YORK CITY,31.0,NEW YORK,1.0,47,46,25.0,13.0,1,0.5434782608695652,0.2826086956521739,0.9787234042553191,纽约市
AP,4,310200011560,HS 560 CITY-AS-SCHOOL,1.0,NEW YORK CITY,31.0,NEW YORK,1.0,1,0,0.0,0.0,1,,,0.0,纽约市
AP,4,310200011575,MANHATTAN COMP NIGHT AND DAY HS,1.0,NEW YORK CITY,31.0,NEW YORK,1.0,20,11,11.0,9.0,5,1.0,0.8181818181818182,0.55,纽约市
AP,4,310200011580,RICHARD R GREEN HS OF TEACHING,1.0,NEW YORK CITY,31.0,NEW YORK,1.0,198,187,77.0,37.0,8,0.4117647058823529,0.19786096256684493,0.9444444444444444,纽约市
AP,4,310200011586,HARVEY MILK HIGH SCHOOL,1.0,NEW YORK CITY,31.0,NEW YORK,1.0,1,0,0.0,0.0,1,,,0.0,纽约市
AP,4,310200011600,HIGH SCHOOL OF FASHION INDUSTRIES,1.0,NEW YORK CITY,31.0,NEW YORK,1.0,168,159,83.0,33.0,5,0.5220125786163522,0.20754716981132076,0.9464285714285714,纽约市
AP,4,310200011605,HUMANITIES PREP ACADEMY,1.0,NEW YORK CITY,31.0,NEW YORK,1.0,61,54,28.0,9.0,3,0.5185185185185185,0.16666666666666666,0.8852459016393442,纽约市
AP,4,310200011615,CHELSEA CAREER AND TECH ED HS,1.0,NEW YORK CITY,31.0,NEW YORK,1.0,62,56,14.0,7.0,2,0.25,0.125,0.9032258064516129,纽约市
AP,4,310200011630,ART AND DESIGN HIGH SCHOOL,1.0,NEW YORK CITY,31.0,NEW YORK,1.0,472,469,344.0,212.0,3,0.7334754797441365,0.4520255863539446,0.9936440677966102,纽约市
AP,4,310200011655,HIGH SCHOOL-CLIMATE JUSTICE,1.0,NEW YORK CITY,31.0,NEW YORK,1.0,76,17,2.0,1.0,2,0.11764705882352941,0.058823529411764705,0.2236842105263158,纽约市
AP,4,310200860819,JOHN V LINDSAY WILDCAT ACADEMY CS,7.0,CHARTER SCHOOL,31.0,NEW YORK,1.0,1,0,0.0,0.0,1,,,0.0,特许学校
AP,4,310300010054,JHS 54 BOOKER T WASHINGTON,1.0,NEW YORK CITY,31.0,NEW YORK,1.0,2,0,0.0,0.0,2,,,0.0,纽约市
AP,4,310300011291,WEST END SECONDARY SCHOOL,1.0,NEW YORK CITY,31.0,NEW YORK,1.0,723,694,355.0,173.0,17,0.5115273775216138,0.24927953890489912,0.9598893499308437,纽约市
AP,4,310300011307,URBAN ASSMBLY SCH-MEDIA STUDIES,1.0,NEW YORK CITY,31.0,NEW YORK,1.0,220,44,2.0,0.0,4,0.045454545454545456,0.0,0.2,纽约市
AP,4,310300011402,URBAN ASSEMBLY FOR GREEN CAREERS,1.0,NEW YORK CITY,31.0,NEW YORK,1.0,11,0,0.0,0.0,3,,,0.0,纽约市
AP,4,310300011403,GLOBAL LEARNING COLLABORATIVE,1.0,NEW YORK CITY,31.0,NEW YORK,1.0,167,138,28.0,5.0,8,0.2028985507246377,0.036231884057971016,0.8263473053892215,纽约市
AP,4,310300011404,INNOVATION DIPLOMA PLUS,1.0,NEW YORK CITY,31.0,NEW YORK,1.0,4,0,0.0,0.0,2,,,0.0,纽约市
AP,4,310300011415,WADLEIGH PERF AND VISUAL ARTS,1.0,NEW YORK CITY,31.0,NEW YORK,1.0,228,219,34.0,10.0,1,0.1552511415525114,0.045662100456621,0.9605263157894737,纽约市
AP,4,310300011417,FRANK MCCOURT HIGH SCHOOL,1.0,NEW YORK CITY,31.0,NEW YORK,1.0,11,8,8.0,2.0,1,1.0,0.25,0.7272727272727273,纽约市
AP,4,310300011479,BEACON HIGH SCHOOL,1.0,NEW YORK CITY,31.0,NEW YORK,1.0,359,343,252.0,174.0,11,0.7346938775510204,0.5072886297376094,0.9554317548746518,纽约市
AP,4,310300011485,FIORELLO H LAGUARDIA HIGH SCHOOL,1.0,NEW YORK CITY,31.0,NEW YORK,1.0,1543,1509,1220.0,842.0,17,0.8084824387011266,0.5579854208084825,0.9779650032404407,纽约市
AP,4,310300011492,HS-LAW ADVCY & COMM JUSTICE,1.0,NEW YORK CITY,31.0,NEW YORK,1.0,129,104,28.0,6.0,7,0.2692307692307692,0.057692307692307696,0.8062015503875969,纽约市
AP,4,310300011494,HIGH SCHOOL-ARTS AND TECHNOLOGY,1.0,NEW YORK CITY,31.0,NEW YORK,1.0,171,156,7.0,2.0,2,0.04487179487179487,0.01282051282051282,0.9122807017543859,纽约市
AP,4,310300011541,MANHATTAN/HUNTER SCIENCE HS,1.0,NEW YORK CITY,31.0,NEW YORK,1.0,270,267,184.0,109.0,3,0.6891385767790262,0.40823970037453183,0.9888888888888889,纽约市
AP,4,310300011610,YOUNG WOMEN'S LEADERSHIP SCHOOL,1.0,NEW YORK CITY,31.0,NEW YORK,1.0,237,203,97.0,33.0,1,0.47783251231527096,0.1625615763546798,0.8565400843881856,纽约市
AP,4,310300011859,SPECIAL MUSIC SCHOOL,1.0,NEW YORK CITY,31.0,NEW YORK,1.0,155,149,128.0,101.0,4,0.8590604026845637,0.6778523489932886,0.9612903225806452,纽约市
AP,4,310300011860,FREDERICK DOUGLASS ACADEMY II,1.0,NEW YORK CITY,31.0,NEW YORK,1.0,93,16,2.0,0.0,2,0.125,0.0,0.17204301075268819,纽约市
AP,4,310300860897,SUCCESS ACADEMY CS-HARLEM 1,7.0,CHARTER SCHOOL,31.0,NEW YORK,1.0,3,0,0.0,0.0,2,,,0.0,特许学校
AP,4,310400010310,JUDITH S KAYE SCHOOL,1.0,NEW YORK CITY,31.0,NEW YORK,1.0,2,0,0.0,0.0,2,,,0.0,纽约市
AP,4,310400010372,ESPERANZA PREPARATORY ACADEMY,1.0,NEW YORK CITY,31.0,NEW YORK,1.0,60,44,30.0,20.0,5,0.6818181818181818,0.45454545454545453,0.7333333333333333,纽约市
AP,4,310400011435,MANHATTAN CENTER-SCIENCE & MATH,1.0,NEW YORK CITY,31.0,NEW YORK,1.0,1698,1685,879.0,403.0,8,0.5216617210682493,0.23916913946587537,0.9923439340400471,纽约市
AP,4,310400011495,PARK EAST HIGH SCHOOL,1.0,NEW YORK CITY,31.0,NEW YORK,1.0,193,180,98.0,32.0,3,0.5444444444444444,0.17777777777777778,0.9326424870466321,纽约市
AP,4,310400011505,EDWARD A REYNOLDS WEST SIDE HS,1.0,NEW YORK CITY,31.0,NEW YORK,1.0,15,0,0.0,0.0,6,,,0.0,纽约市
AP,4,310400011555,CENTRAL PARK EAST HIGH SCHOOL,1.0,NEW YORK CITY,31.0,NEW YORK,1.0,378,375,245.0,111.0,2,0.6533333333333333,0.296,0.9920634920634921,纽约市
AP,4,310400011680,HERITAGE SCHOOL,1.0,NEW YORK CITY,31.0,NEW YORK,1.0,27,8,3.0,1.0,3,0.375,0.125,0.2962962962962963,纽约市
AP,4,310400860968,INNOVATION CHARTER HIGH SCHOOL,7.0,CHARTER SCHOOL,31.0,NEW YORK,1.0,26,22,4.0,1.0,2,0.18181818181818182,0.045454545454545456,0.8461538461538461,特许学校
AP,4,310500011148,EAGLE ACAD-YOUNG MEN-HARLEM,1.0,NEW YORK CITY,31.0,NEW YORK,1.0,12,0,0.0,0.0,1,,,0.0,纽约市
AP,4,310500011157,URBAN ASSEMBLY-GLOBAL COMMERCE,1.0,NEW YORK CITY,31.0,NEW YORK,1.0,31,9,1.0,0.0,1,0.1111111111111111,0.0,0.2903225806451613,纽约市
AP,4,310500011304,MOTT HALL HIGH SCHOOL,1.0,NEW YORK CITY,31.0,NEW YORK,1.0,20,19,1.0,0.0,1,0.05263157894736842,0.0,0.95,纽约市
AP,4,310500011362,COLUMBIA SECONDARY SCHOOL,1.0,NEW YORK CITY,31.0,NEW YORK,1.0,256,229,210.0,164.0,13,0.9170305676855895,0.7161572052401747,0.89453125,纽约市
AP,4,310500011369,URBAN ASSEMBLY FOR THE PERFORM ARTS,1.0,NEW YORK CITY,31.0,NEW YORK,1.0,41,0,0.0,0.0,1,,,0.0,纽约市
AP,4,310500011499,FREDERICK DOUGLASS ACADEMY,1.0,NEW YORK CITY,31.0,NEW YORK,1.0,55,22,5.0,1.0,8,0.22727272727272727,0.045454545454545456,0.4,纽约市
AP,4,310500011670,THURGOOD MARSHALL ACAD FOR LEARNING,1.0,NEW YORK CITY,31.0,NEW YORK,1.0,16,0,0.0,0.0,2,,,0.0,纽约市
AP,4,310500011692,HS MATH SCI & ENGNRNG AT CCNY,1.0,NEW YORK CITY,31.0,NEW YORK,1.0,927,906,769.0,586.0,11,0.8487858719646799,0.6467991169977925,0.9773462783171522,纽约市
AP,4,310500860864,HARLEM CHILDREN'S ZONE PROMISE,7.0,CHARTER SCHOOL,31.0,NEW YORK,1.0,106,75,23.0,4.0,2,0.30666666666666664,0.05333333333333334,0.7075471698113207,特许学校
AP,4,310500860883,KIPP INFINITY CHARTER SCHOOL,7.0,CHARTER SCHOOL,31.0,NEW YORK,1.0,2,0,0.0,0.0,2,,,0.0,特许学校
AP,4,310500860886,HARLEM CHLDRN ZONE ACADEMY II,7.0,CHARTER SCHOOL,31.0,NEW YORK,1.0,64,64,29.0,7.0,0,0.453125,0.109375,1.0,特许学校
AP,4,310600011211,INWOOD EARLY COLLEGE FOR HEALTH-INFO,1.0,NEW YORK CITY,31.0,NEW YORK,1.0,50,36,13.0,7.0,8,0.3611111111111111,0.19444444444444445,0.72,纽约市
AP,4,310600011293,CITY COLLEGE ACADEMY OF THE ARTS,1.0,NEW YORK CITY,31.0,NEW YORK,1.0,76,58,5.0,2.0,1,0.08620689655172414,0.034482758620689655,0.7631578947368421,纽约市
AP,4,310600011346,COMMUNITY HEALTH ACAD OF THE HEIGHTS,1.0,NEW YORK CITY,31.0,NEW YORK,1.0,187,185,75.0,29.0,1,0.40540540540540543,0.15675675675675677,0.9893048128342246,纽约市
AP,4,310600011348,WASHINGTON HGTS EXPEDITIONARY LEARN,1.0,NEW YORK CITY,31.0,NEW YORK,1.0,165,163,58.0,12.0,2,0.3558282208588957,0.0736196319018405,0.9878787878787879,纽约市
AP,4,310600011423,HS-EXCELLENCE AND INNOVATION,1.0,NEW YORK CITY,31.0,NEW YORK,1.0,23,0,0.0,0.0,9,,,0.0,纽约市
AP,4,310600011462,COLLEGE ACADEMY,1.0,NEW YORK CITY,31.0,NEW YORK,1.0,125,53,16.0,5.0,9,0.3018867924528302,0.09433962264150944,0.424,纽约市
AP,4,310600011463,HIGH SCHOOL-MEDIA & COMMUNICATIONS,1.0,NEW YORK CITY,31.0,NEW YORK,1.0,116,68,7.0,0.0,5,0.10294117647058823,0.0,0.5862068965517241,纽约市
AP,4,310600011467,HIGH SCHOOL-LAW & PUBLIC SERVICE,1.0,NEW YORK CITY,31.0,NEW YORK,1.0,175,111,58.0,25.0,14,0.5225225225225225,0.22522522522522523,0.6342857142857142,纽约市
AP,4,310600011468,HIGH SCHOOL-HEALTH CAREERS & SCIES,1.0,NEW YORK CITY,31.0,NEW YORK,1.0,89,38,14.0,8.0,6,0.3684210526315789,0.21052631578947367,0.42696629213483145,纽约市
AP,4,310600011540,A PHILIP RANDOLPH CAMPUS HIGH SCHOOL,1.0,NEW YORK CITY,31.0,NEW YORK,1.0,229,217,133.0,72.0,9,0.6129032258064516,0.3317972350230415,0.9475982532751092,纽约市
AP,4,310600011552,GREGORIO LUPERON HS-SCI & MATH,1.0,NEW YORK CITY,31.0,NEW YORK,1.0,182,161,100.0,48.0,4,0.6211180124223602,0.2981366459627329,0.8846153846153846,纽约市
AP,4,310600860887,NEW HEIGHTS ACADEMY CHARTER SCHOOL,7.0,CHARTER SCHOOL,31.0,NEW YORK,1.0,90,90,44.0,23.0,0,0.4888888888888889,0.25555555555555554,1.0,特许学校
AP,4,310600860966,INWOOD ACAD FOR LEADERSHIP CS,7.0,CHARTER SCHOOL,31.0,NEW YORK,1.0,62,54,22.0,4.0,1,0.4074074074074074,0.07407407407407407,0.8709677419354839,特许学校
AP,4,31301040003,DEPOSIT MIDDLE-SENIOR HIGH SCHOOL,4.0,RURAL HIGH NEEDS,3.0,DELAWARE,0.0,14,14,6.0,1.0,0,0.42857142857142855,0.07142857142857142,1.0,农村
AP,4,31601060051,VESTAL SENIOR HIGH SCHOOL,5.0,AVERAGE NEEDS,3.0,BROOME,0.0,269,254,215.0,145.0,7,0.8464566929133859,0.5708661417322834,0.9442379182156134,平均
AP,4,31701060007,WINDSOR CENTRAL HIGH SCHOOL,5.0,AVERAGE NEEDS,3.0,BROOME,0.0,59,58,34.0,11.0,1,0.5862068965517241,0.1896551724137931,0.9830508474576272,平均
AP,4,320700010223,LAB SCHOOL OF FIN & TECH: X223,1.0,NEW YORK CITY,32.0,BRONX,1.0,246,224,63.0,28.0,1,0.28125,0.125,0.9105691056910569,纽约市
AP,4,320700011221,SOUTH BRONX PREPARATORY,1.0,NEW YORK CITY,32.0,BRONX,1.0,121,112,50.0,14.0,1,0.44642857142857145,0.125,0.9256198347107438,纽约市
AP,4,320700011334,INTERNATIONAL COMMUNITY HS,1.0,NEW YORK CITY,32.0,BRONX,1.0,33,28,27.0,23.0,3,0.9642857142857143,0.8214285714285714,0.8484848484848485,纽约市
AP,4,320700011495,UNIVERSITY HEIGHTS SECONDARY SCHOOL,1.0,NEW YORK CITY,32.0,BRONX,1.0,146,101,13.0,1.0,1,0.12871287128712872,0.009900990099009901,0.6917808219178082,纽约市
AP,4,320700011500,HOSTOS-LINCOLN ACADEMY OF SCIENCE,1.0,NEW YORK CITY,32.0,BRONX,1.0,34,32,8.0,3.0,2,0.25,0.09375,0.9411764705882353,纽约市
AP,4,320700011522,BRONX DESIGN-CONSTRUCTION ACADEMY,1.0,NEW YORK CITY,32.0,BRONX,1.0,13,13,1.0,0.0,0,0.07692307692307693,0.0,1.0,纽约市
AP,4,320700011527,BRONX LEADERSHIP ACAD II HIGH SCHOOL,1.0,NEW YORK CITY,32.0,BRONX,1.0,109,73,7.0,0.0,0,0.0958904109589041,0.0,0.6697247706422018,纽约市
AP,4,320700011548,CAREERS IN SPORTS HS,1.0,NEW YORK CITY,32.0,BRONX,1.0,55,34,6.0,1.0,8,0.17647058823529413,0.029411764705882353,0.6181818181818182,纽约市
AP,4,320700011551,URBAN ASSEMBLY BRONX OF LETTERS,1.0,NEW YORK CITY,32.0,BRONX,1.0,46,43,15.0,3.0,2,0.3488372093023256,0.06976744186046512,0.9347826086956522,纽约市
AP,4,320700011600,ALFRED E SMITH CAREER-TECH HS,1.0,NEW YORK CITY,32.0,BRONX,1.0,111,89,39.0,13.0,6,0.43820224719101125,0.14606741573033707,0.8018018018018018,纽约市
AP,4,320700011625,BRONX LEGACY HIGH SCHOOL,1.0,NEW YORK CITY,32.0,BRONX,1.0,13,12,1.0,0.0,1,0.08333333333333333,0.0,0.9230769230769231,纽约市
AP,4,320700011670,HEALTH OPPORTUNITIES HIGH SCHOOL,1.0,NEW YORK CITY,32.0,BRONX,1.0,63,35,11.0,6.0,4,0.3142857142857143,0.17142857142857143,0.5555555555555556,纽约市
AP,4,320700861169,E MONROE NEW RENAISSANCE BASKETBALL,7.0,CHARTER SCHOOL,32.0,BRONX,1.0,1,0,0.0,0.0,1,,,0.0,特许学校
AP,4,320800010312,MILLENIUM ART ACADEMY,1.0,NEW YORK CITY,32.0,BRONX,1.0,87,66,27.0,12.0,9,0.4090909090909091,0.18181818181818182,0.7586206896551724,纽约市
AP,4,320800011269,BRONX STUDIO SCHOOL-WRITERS-ARTISTS,1.0,NEW YORK CITY,32.0,BRONX,1.0,20,11,6.0,0.0,3,0.5454545454545454,0.0,0.55,纽约市
AP,4,320800011282,WOMEN'S ACADEMY OF EXCELLENCE,1.0,NEW YORK CITY,32.0,BRONX,1.0,52,12,1.0,1.0,2,0.08333333333333333,0.08333333333333333,0.23076923076923078,纽约市
AP,4,320800011293,RENAISSANCE HIGH SCHOOL-MTA,1.0,NEW YORK CITY,32.0,BRONX,1.0,2,0,0.0,0.0,2,,,0.0,纽约市
AP,4,320800011320,PELHAM LAB HIGH SCHOOL,1.0,NEW YORK CITY,32.0,BRONX,1.0,155,106,24.0,10.0,12,0.22641509433962265,0.09433962264150944,0.6838709677419355,纽约市
AP,4,320800011348,SCHUYLERVILLE PREP HS,1.0,NEW YORK CITY,32.0,BRONX,1.0,65,64,18.0,3.0,1,0.28125,0.046875,0.9846153846153847,纽约市
AP,4,320800011349,BRONX RIVER HIGH SCHOOL,1.0,NEW YORK CITY,32.0,BRONX,1.0,1,0,0.0,0.0,1,,,0.0,纽约市
AP,4,320800011367,"ARCHIMEDES ACAD-MATH, SCI, TECH",1.0,NEW YORK CITY,32.0,BRONX,1.0,25,19,5.0,2.0,0,0.2631578947368421,0.10526315789473684,0.76,纽约市
AP,4,320800011376,ANTONIA PANTOJA PREP ACADEMY,1.0,NEW YORK CITY,32.0,BRONX,1.0,48,31,3.0,0.0,0,0.0967741935483871,0.0,0.6458333333333334,纽约市
AP,4,320800011405,HERBERT H LEHMAN HIGH SCHOOL,1.0,NEW YORK CITY,32.0,BRONX,1.0,88,61,33.0,8.0,6,0.5409836065573771,0.13114754098360656,0.6931818181818182,纽约市
AP,4,320800011432,BRONX BRIDGES HIGH SCHOOL,1.0,NEW YORK CITY,32.0,BRONX,1.0,166,93,16.0,6.0,6,0.17204301075268819,0.06451612903225806,0.5602409638554217,纽约市
AP,4,320800011452,GOTHAM COLLABORATIVE HIGH SCHOOL,1.0,NEW YORK CITY,32.0,BRONX,1.0,12,0,0.0,0.0,2,,,0.0,纽约市
AP,4,320800011530,LONGWOOD PREPARATORY ACADEMY,1.0,NEW YORK CITY,32.0,BRONX,1.0,54,49,7.0,1.0,0,0.14285714285714285,0.02040816326530612,0.9074074074074074,纽约市
AP,4,320800011537,BRONX ARENA HIGH SCHOOL,1.0,NEW YORK CITY,32.0,BRONX,1.0,3,0,0.0,0.0,3,,,0.0,纽约市
AP,4,320800011558,WESTCHESTER SQUARE ACADEMY,1.0,NEW YORK CITY,32.0,BRONX,1.0,118,110,56.0,25.0,5,0.509090909090909,0.22727272727272727,0.9322033898305084,纽约市
AP,4,320800011561,BRONX COMPASS HIGH SCHOOL,1.0,NEW YORK CITY,32.0,BRONX,1.0,151,137,20.0,9.0,4,0.145985401459854,0.06569343065693431,0.9072847682119205,纽约市
AP,4,320800011636,VIRTUAL INNOVATOR'S ACADEMY,1.0,NEW YORK CITY,32.0,BRONX,1.0,1,0,0.0,0.0,1,,,0.0,纽约市
AP,4,320800861017,NEW VISIONS CHTR HS-ADV MA/SCI II,7.0,CHARTER SCHOOL,32.0,BRONX,1.0,2,0,0.0,0.0,2,,,0.0,特许学校
AP,4,320900010327,COMP MODEL SCH PROJECT MS 327,1.0,NEW YORK CITY,32.0,BRONX,1.0,36,35,28.0,19.0,1,0.8,0.5428571428571428,0.9722222222222222,纽约市
AP,4,320900010568,YOUNG WOMEN'S LDSHP SCHOOL-BRONX,1.0,NEW YORK CITY,32.0,BRONX,1.0,162,143,78.0,35.0,3,0.5454545454545454,0.24475524475524477,0.8827160493827161,纽约市
AP,4,320900011227,BRONX COLLEGIATE ACADEMY,1.0,NEW YORK CITY,32.0,BRONX,1.0,27,26,12.0,6.0,1,0.46153846153846156,0.23076923076923078,0.9629629629629629,纽约市
AP,4,320900011231,EAGLE ACADEMY FOR YOUNG MEN,1.0,NEW YORK CITY,32.0,BRONX,1.0,12,12,3.0,0.0,0,0.25,0.0,1.0,纽约市
AP,4,320900011241,URBAN ASSMBLY SCHOOL-APPL MATH,1.0,NEW YORK CITY,32.0,BRONX,1.0,77,76,16.0,5.0,1,0.21052631578947367,0.06578947368421052,0.987012987012987,纽约市
AP,4,320900011250,EXIMIUS COLLEGE PREP ACADEMY,1.0,NEW YORK CITY,32.0,BRONX,1.0,74,73,28.0,12.0,1,0.3835616438356164,0.1643835616438356,0.9864864864864865,纽约市
AP,4,320900011260,BRONX CENTER FOR SCI & MATH,1.0,NEW YORK CITY,32.0,BRONX,1.0,41,34,25.0,16.0,3,0.7352941176470589,0.47058823529411764,0.8292682926829268,纽约市
AP,4,320900011263,VALIDUS PREP ACADEMY,1.0,NEW YORK CITY,32.0,BRONX,1.0,2,0,0.0,0.0,1,,,0.0,纽约市
AP,4,320900011297,MORRIS ACADEMY FOR COLLA STUDIES,1.0,NEW YORK CITY,32.0,BRONX,1.0,63,58,25.0,6.0,4,0.43103448275862066,0.10344827586206896,0.9206349206349206,纽约市
AP,4,320900011329,DREAMYARD PREPARATORY SCHOOL,1.0,NEW YORK CITY,32.0,BRONX,1.0,29,26,16.0,7.0,1,0.6153846153846154,0.2692307692307692,0.896551724137931,纽约市
AP,4,320900011350,NEW DIRECTIONS SECONDARY SCHOOL,1.0,NEW YORK CITY,32.0,BRONX,1.0,12,7,4.0,2.0,2,0.5714285714285714,0.2857142857142857,0.5833333333333334,纽约市
AP,4,320900011365,ACADEMY-LANGUAGE AND TECHNOLOGY,1.0,NEW YORK CITY,32.0,BRONX,1.0,199,139,39.0,28.0,2,0.2805755395683453,0.2014388489208633,0.6984924623115578,纽约市
AP,4,320900011403,BRONX INTERNATIONAL HIGH SCHOOL,1.0,NEW YORK CITY,32.0,BRONX,1.0,19,14,6.0,3.0,3,0.42857142857142855,0.21428571428571427,0.7368421052631579,纽约市
AP,4,320900011404,SCHOOL FOR EXCELLENCE,1.0,NEW YORK CITY,32.0,BRONX,1.0,1,0,0.0,0.0,1,,,0.0,纽约市
AP,4,320900011412,BRONX HIGH SCHOOL OF BUSINESS,1.0,NEW YORK CITY,32.0,BRONX,1.0,34,29,8.0,3.0,3,0.27586206896551724,0.10344827586206896,0.8529411764705882,纽约市
AP,4,320900011413,BRONX HS FOR MEDICAL SCIENCE,1.0,NEW YORK CITY,32.0,BRONX,1.0,14,5,5.0,4.0,2,1.0,0.8,0.35714285714285715,纽约市
AP,4,320900011505,"BRONX SCHOOL FOR LAW, GOV, JUSTICE",1.0,NEW YORK CITY,32.0,BRONX,1.0,227,220,86.0,29.0,5,0.39090909090909093,0.1318181818181818,0.9691629955947136,纽约市
AP,4,320900011517,FREDERICK DOUGLASS ACAD III,1.0,NEW YORK CITY,32.0,BRONX,1.0,50,31,18.0,7.0,3,0.5806451612903226,0.22580645161290322,0.62,纽约市
AP,4,320900011525,BRONX LEADERSHIP ACAD HIGH SCHOOL,1.0,NEW YORK CITY,32.0,BRONX,1.0,102,53,4.0,0.0,2,0.07547169811320754,0.0,0.5196078431372549,纽约市
AP,4,320900011543,HIGH SCHOOL-VIOLIN AND DANCE,1.0,NEW YORK CITY,32.0,BRONX,1.0,14,5,3.0,3.0,3,0.6,0.6,0.35714285714285715,纽约市
AP,4,320900011564,CLAREMONT INTERNATIONAL HS,1.0,NEW YORK CITY,32.0,BRONX,1.0,63,61,51.0,28.0,1,0.8360655737704918,0.45901639344262296,0.9682539682539683,纽约市
AP,4,320900860807,BRONX PREP CHARTER SCHOOL,7.0,CHARTER SCHOOL,32.0,BRONX,1.0,1,0,0.0,0.0,1,,,0.0,特许学校
AP,4,320900860962,NUASIN NEXT GENERATION CS,7.0,CHARTER SCHOOL,32.0,BRONX,1.0,178,139,26.0,6.0,4,0.18705035971223022,0.04316546762589928,0.7808988764044944,特许学校
AP,4,320900861151,KIPP BRONX CHARTER SCHOOL III,7.0,CHARTER SCHOOL,32.0,BRONX,1.0,2,0,0.0,0.0,2,,,0.0,特许学校
AP,4,321000010225,THEATRE ARTS PRODUCTION COMPANY,1.0,NEW YORK CITY,32.0,BRONX,1.0,47,37,7.0,0.0,2,0.1891891891891892,0.0,0.7872340425531915,纽约市
AP,4,321000010368,IN-TECH ACADEMY (MS/HS 368),1.0,NEW YORK CITY,32.0,BRONX,1.0,106,78,32.0,11.0,4,0.41025641025641024,0.14102564102564102,0.7358490566037735,纽约市
AP,4,321000011141,RIVERDALE/KINGSBRIDGE (MS/HS 141),1.0,NEW YORK CITY,32.0,BRONX,1.0,209,200,148.0,90.0,4,0.74,0.45,0.9569377990430622,纽约市
AP,4,321000011213,BRONX ENG & TECH ACADEMY,1.0,NEW YORK CITY,32.0,BRONX,1.0,23,8,1.0,1.0,0,0.125,0.125,0.34782608695652173,纽约市
AP,4,321000011237,MARIE CURIE HIGH SCHOOL-NURSING,1.0,NEW YORK CITY,32.0,BRONX,1.0,72,46,2.0,0.0,5,0.043478260869565216,0.0,0.6388888888888888,纽约市
AP,4,321000011243,WEST BRONX ACAD FOR THE FUTURE,1.0,NEW YORK CITY,32.0,BRONX,1.0,139,132,28.0,10.0,1,0.21212121212121213,0.07575757575757576,0.9496402877697842,纽约市
AP,4,321000011264,BRONX ACAD FOR SOFTWARE ENGINEERING,1.0,NEW YORK CITY,32.0,BRONX,1.0,81,61,20.0,9.0,2,0.32786885245901637,0.14754098360655737,0.7530864197530864,纽约市
AP,4,321000011268,KINGSBRIDGE INTERNATIONAL HS,1.0,NEW YORK CITY,32.0,BRONX,1.0,10,5,5.0,3.0,2,1.0,0.6,0.5,纽约市
AP,4,321000011284,BRONX SCHOOL OF LAW & FINANCE,1.0,NEW YORK CITY,32.0,BRONX,1.0,39,30,12.0,6.0,4,0.4,0.2,0.7692307692307693,纽约市
AP,4,321000011342,INTERNATIONAL SCHOOL-LIBERAL ARTS,1.0,NEW YORK CITY,32.0,BRONX,1.0,129,94,54.0,31.0,2,0.574468085106383,0.32978723404255317,0.7286821705426356,纽约市
AP,4,321000011351,BRONX COLLABORATIVE HIGH SCHOOL,1.0,NEW YORK CITY,32.0,BRONX,1.0,112,90,14.0,0.0,9,0.15555555555555556,0.0,0.8035714285714286,纽约市
AP,4,321000011353,WORLD VIEW HIGH SCHOOL,1.0,NEW YORK CITY,32.0,BRONX,1.0,151,146,40.0,10.0,2,0.273972602739726,0.0684931506849315,0.9668874172185431,纽约市
AP,4,321000011433,HS FOR TEACHING AND PROFESSIONS,1.0,NEW YORK CITY,32.0,BRONX,1.0,45,33,7.0,2.0,5,0.21212121212121213,0.06060606060606061,0.7333333333333333,纽约市
AP,4,321000011434,BELMONT PREPARATORY HIGH SCHOOL,1.0,NEW YORK CITY,32.0,BRONX,1.0,63,62,27.0,8.0,1,0.43548387096774194,0.12903225806451613,0.9841269841269841,纽约市
AP,4,321000011437,FORDHAM HS FOR THE ARTS,1.0,NEW YORK CITY,32.0,BRONX,1.0,555,547,176.0,40.0,0,0.3217550274223035,0.07312614259597806,0.9855855855855856,纽约市
AP,4,321000011438,FORDHAM LEADERSHIP ACADEMY,1.0,NEW YORK CITY,32.0,BRONX,1.0,176,123,11.0,2.0,7,0.08943089430894309,0.016260162601626018,0.6988636363636364,纽约市
AP,4,321000011439,BRONX HIGH SCHOOL-LAW & COMM SVC,1.0,NEW YORK CITY,32.0,BRONX,1.0,176,161,66.0,11.0,5,0.40993788819875776,0.06832298136645963,0.9147727272727273,纽约市
AP,4,321000011440,DEWITT CLINTON HIGH SCHOOL,1.0,NEW YORK CITY,32.0,BRONX,1.0,505,454,143.0,32.0,4,0.31497797356828194,0.07048458149779736,0.899009900990099,纽约市
AP,4,321000011442,CELIA CRUZ BRONX HS OF MUSIC,1.0,NEW YORK CITY,32.0,BRONX,1.0,248,230,74.0,9.0,5,0.3217391304347826,0.0391304347826087,0.9274193548387096,纽约市
AP,4,321000011445,BRONX HIGH SCHOOL OF SCIENCE,1.0,NEW YORK CITY,32.0,BRONX,1.0,5154,5112,4781.0,3935.0,22,0.9352503912363067,0.7697574334898278,0.9918509895227008,纽约市
AP,4,321000011477,MARBLE HILL HS-INTRNTNL STUDIES,1.0,NEW YORK CITY,32.0,BRONX,1.0,143,141,81.0,45.0,1,0.574468085106383,0.3191489361702128,0.986013986013986,纽约市
AP,4,321000011524,CROTONA INTERNATIONAL HS,1.0,NEW YORK CITY,32.0,BRONX,1.0,29,19,17.0,8.0,5,0.8947368421052632,0.42105263157894735,0.6551724137931034,纽约市
AP,4,321000011546,BRONX THEATRE HIGH SCHOOL,1.0,NEW YORK CITY,32.0,BRONX,1.0,43,32,8.0,3.0,5,0.25,0.09375,0.7441860465116279,纽约市
AP,4,321000011549,DISCOVERY HIGH SCHOOL,1.0,NEW YORK CITY,32.0,BRONX,1.0,54,52,14.0,3.0,2,0.2692307692307692,0.057692307692307696,0.9629629629629629,纽约市
AP,4,321000011565,HIGH SCHOOL-ENERGY AND TECHNOLOG,1.0,NEW YORK CITY,32.0,BRONX,1.0,51,49,15.0,8.0,1,0.30612244897959184,0.16326530612244897,0.9607843137254902,纽约市
AP,4,321000011696,HS AMER STUDIES AT LEHMAN COLL,1.0,NEW YORK CITY,32.0,BRONX,1.0,495,494,480.0,418.0,1,0.97165991902834,0.8461538461538461,0.997979797979798,纽约市
AP,4,321000860704,NEW VISIONS CHARTER HS-HUMANITIES,7.0,CHARTER SCHOOL,32.0,BRONX,1.0,1,0,0.0,0.0,1,,,0.0,特许学校
AP,4,321000860999,NEW VISIONS CHARTER HS-ADV MATH/SCIE,7.0,CHARTER SCHOOL,32.0,BRONX,1.0,1,0,0.0,0.0,1,,,0.0,特许学校
AP,4,321100011249,BRONX HEALTH SCIENCES HIGH SCHOOL,1.0,NEW YORK CITY,32.0,BRONX,1.0,106,87,17.0,3.0,2,0.19540229885057472,0.034482758620689655,0.8207547169811321,纽约市
AP,4,321100011253,BRONX HIGH SCH-WRITING & COMM ARTS,1.0,NEW YORK CITY,32.0,BRONX,1.0,19,0,0.0,0.0,5,,,0.0,纽约市
AP,4,321100011270,ACAD-SCHOLARSHIP & ENTREPRENEURSHIP,1.0,NEW YORK CITY,32.0,BRONX,1.0,74,65,8.0,5.0,0,0.12307692307692308,0.07692307692307693,0.8783783783783784,纽约市
AP,4,321100011275,HIGH SCHOOL-COMPUTERS & TECHNOLOGY,1.0,NEW YORK CITY,32.0,BRONX,1.0,153,138,57.0,16.0,5,0.41304347826086957,0.11594202898550725,0.9019607843137255,纽约市
AP,4,321100011288,COLLEGIATE INST-MATH & SCIENCE,1.0,NEW YORK CITY,32.0,BRONX,1.0,275,241,134.0,67.0,14,0.5560165975103735,0.27800829875518673,0.8763636363636363,纽约市
AP,4,321100011290,BRONX ACADEMY OF HEALTH CAREERS,1.0,NEW YORK CITY,32.0,BRONX,1.0,78,29,5.0,3.0,12,0.1724137931034483,0.10344827586206896,0.3717948717948718,纽约市
AP,4,321100011299,ASTOR COLLEGIATE ACADEMY,1.0,NEW YORK CITY,32.0,BRONX,1.0,98,89,22.0,8.0,6,0.24719101123595505,0.0898876404494382,0.9081632653061225,纽约市
AP,4,321100011418,BRONX HIGH SCHOOL-VISUAL ARTS,1.0,NEW YORK CITY,32.0,BRONX,1.0,100,44,7.0,2.0,3,0.1590909090909091,0.045454545454545456,0.44,纽约市
AP,4,321100011455,HARRY S TRUMAN HIGH SCHOOL,1.0,NEW YORK CITY,32.0,BRONX,1.0,269,224,112.0,24.0,16,0.5,0.10714285714285714,0.8327137546468402,纽约市
AP,4,321100011508,BRONXDALE HIGH SCHOOL,1.0,NEW YORK CITY,32.0,BRONX,1.0,68,64,10.0,2.0,3,0.15625,0.03125,0.9411764705882353,纽约市
AP,4,321100011509,HS FOR LANGUAGE-INNOVATION,1.0,NEW YORK CITY,32.0,BRONX,1.0,82,82,51.0,29.0,0,0.6219512195121951,0.35365853658536583,1.0,纽约市
AP,4,321100011513,NEW WORLD HIGH SCHOOL,1.0,NEW YORK CITY,32.0,BRONX,1.0,116,110,12.0,6.0,4,0.10909090909090909,0.05454545454545454,0.9482758620689655,纽约市
AP,4,321100011514,BRONXWOOD PREP ACADEMY,1.0,NEW YORK CITY,32.0,BRONX,1.0,14,14,3.0,1.0,0,0.21428571428571427,0.07142857142857142,1.0,纽约市
AP,4,321100011542,PELHAM PREPARATORY ACADEMY,1.0,NEW YORK CITY,32.0,BRONX,1.0,94,77,28.0,6.0,9,0.36363636363636365,0.07792207792207792,0.8191489361702128,纽约市
AP,4,321100011544,HIGH SCHOOL-CONTEMPORARY ARTS,1.0,NEW YORK CITY,32.0,BRONX,1.0,26,14,3.0,1.0,4,0.21428571428571427,0.07142857142857142,0.5384615384615384,纽约市
AP,4,321100011545,BRONX AEROSPACE HIGH SCHOOL,1.0,NEW YORK CITY,32.0,BRONX,1.0,60,6,1.0,0.0,2,0.16666666666666666,0.0,0.1,纽约市
AP,4,321100860956,EQUALITY CHARTER SCHOOL,7.0,CHARTER SCHOOL,32.0,BRONX,1.0,7,7,5.0,4.0,0,0.7142857142857143,0.5714285714285714,1.0,特许学校
AP,4,321200010242,MOTT HALL V,1.0,NEW YORK CITY,32.0,BRONX,1.0,96,72,30.0,12.0,1,0.4166666666666667,0.16666666666666666,0.75,纽约市
AP,4,321200011251,EXPLORATIONS ACADEMY HS,1.0,NEW YORK CITY,32.0,BRONX,1.0,58,49,8.0,2.0,4,0.16326530612244897,0.04081632653061224,0.8448275862068966,纽约市
AP,4,321200011267,BRONX LATIN SCHOOL,1.0,NEW YORK CITY,32.0,BRONX,1.0,362,319,60.0,28.0,0,0.18808777429467086,0.0877742946708464,0.8812154696132597,纽约市
AP,4,321200011271,EAST BRONX ACADEMY-FUTURE,1.0,NEW YORK CITY,32.0,BRONX,1.0,126,52,9.0,1.0,0,0.17307692307692307,0.019230769230769232,0.4126984126984127,纽约市
AP,4,321200011388,PAN AMERICAN INTERNATIONAL HS,1.0,NEW YORK CITY,32.0,BRONX,1.0,56,56,49.0,30.0,0,0.875,0.5357142857142857,1.0,纽约市
AP,4,321200011478,CINEMA SCHOOL,1.0,NEW YORK CITY,32.0,BRONX,1.0,168,85,8.0,0.0,3,0.09411764705882353,0.0,0.5059523809523809,纽约市
AP,4,321200011480,BRONX REGIONAL HIGH SCHOOL,1.0,NEW YORK CITY,32.0,BRONX,1.0,2,0,0.0,0.0,1,,,0.0,纽约市
AP,4,321200011511,BRONX ENVISION ACADEMY,1.0,NEW YORK CITY,32.0,BRONX,1.0,121,61,21.0,1.0,4,0.3442622950819672,0.01639344262295082,0.5041322314049587,纽约市
AP,4,321200011521,METROPOLITAN SOUNDVIEW HS,1.0,NEW YORK CITY,32.0,BRONX,1.0,95,66,6.0,0.0,3,0.09090909090909091,0.0,0.6947368421052632,纽约市
AP,4,321200011550,HIGH SCHOOL OF WORLD CULTURES,1.0,NEW YORK CITY,32.0,BRONX,1.0,29,27,27.0,26.0,1,1.0,0.9629629629629629,0.9310344827586207,纽约市
AP,4,321200011641,BARD HS-EARLY COLLEGE BRONX,1.0,NEW YORK CITY,32.0,BRONX,1.0,23,14,2.0,0.0,1,0.14285714285714285,0.0,0.6086956521739131,纽约市
AP,4,321200011684,WINGS ACADEMY,1.0,NEW YORK CITY,32.0,BRONX,1.0,54,26,3.0,0.0,0,0.11538461538461539,0.0,0.48148148148148145,纽约市
AP,4,321200860870,PHAROS ACADEMY CHARTER SCHOOL,7.0,CHARTER SCHOOL,32.0,BRONX,1.0,86,82,47.0,14.0,2,0.573170731707317,0.17073170731707318,0.9534883720930233,特许学校
AP,4,321200860965,DR R IZQUIERDO HEALTH/SCIENCE CS,7.0,CHARTER SCHOOL,32.0,BRONX,1.0,154,149,75.0,39.0,2,0.5033557046979866,0.26174496644295303,0.9675324675324676,特许学校
AP,4,331300010265,DR SUSAN S MCKINNEY SS -ARTS,1.0,NEW YORK CITY,33.0,KINGS,1.0,65,19,3.0,0.0,2,0.15789473684210525,0.0,0.2923076923076923,纽约市
AP,4,331300011350,URBAN ASSEMBLY SCHOOL-MUSIC-ARTS,1.0,NEW YORK CITY,33.0,KINGS,1.0,34,15,7.0,7.0,10,0.4666666666666667,0.4666666666666667,0.4411764705882353,纽约市
AP,4,331300011412,BROOKLYN COMM ARTS-MEDIA HS,1.0,NEW YORK CITY,33.0,KINGS,1.0,66,50,8.0,0.0,0,0.16,0.0,0.7575757575757576,纽约市
AP,4,331300011419,SCIENCE SKILLS CENTER HIGH SCHOOL,1.0,NEW YORK CITY,33.0,KINGS,1.0,331,244,62.0,5.0,6,0.2540983606557377,0.020491803278688523,0.7371601208459214,纽约市
AP,4,331300011430,BROOKLYN TECHNICAL HS,1.0,NEW YORK CITY,33.0,KINGS,1.0,9276,9235,8721.0,7177.0,25,0.9443421765024363,0.7771521386031403,0.9955799913755929,纽约市
AP,4,331300011483,URBAN ASSMBLY SCH-LAW & JSTCE,1.0,NEW YORK CITY,33.0,KINGS,1.0,139,135,68.0,19.0,1,0.5037037037037037,0.14074074074074075,0.9712230215827338,纽约市
AP,4,331300011527,URBAN ASSEMBLY INST OF MATH AND SCIE,1.0,NEW YORK CITY,33.0,KINGS,1.0,112,68,13.0,2.0,6,0.19117647058823528,0.029411764705882353,0.6071428571428571,纽约市
AP,4,331300011553,BROOKLYN ACADEMY HIGH SCHOOL,1.0,NEW YORK CITY,33.0,KINGS,1.0,2,0,0.0,0.0,2,,,0.0,纽约市
AP,4,331300011594,GOTHAM PROFESSIONAL ARTS ACADEMY,1.0,NEW YORK CITY,33.0,KINGS,1.0,31,30,3.0,1.0,1,0.1,0.03333333333333333,0.967741935483871,纽约市
AP,4,331300011595,BEDFORD ACADEMY HIGH SCHOOL,1.0,NEW YORK CITY,33.0,KINGS,1.0,181,149,86.0,33.0,12,0.5771812080536913,0.2214765100671141,0.8232044198895028,纽约市
AP,4,331300011605,GEORGE WESTINGHOUSE CAREER/TECH HS,1.0,NEW YORK CITY,33.0,KINGS,1.0,119,119,22.0,8.0,0,0.18487394957983194,0.06722689075630252,1.0,纽约市
AP,4,331300011616,BROOKLYN HS-LEADERSHIP & COMMUNITY,1.0,NEW YORK CITY,33.0,KINGS,1.0,5,0,0.0,0.0,3,,,0.0,纽约市
AP,4,331300011670,BENJAMIN BANNEKER ACADEMY,1.0,NEW YORK CITY,33.0,KINGS,1.0,383,326,132.0,37.0,14,0.4049079754601227,0.11349693251533742,0.8511749347258486,纽约市
AP,4,331400011071,JUAN MOREL CAMPOS SECONDARY SCHOOL,1.0,NEW YORK CITY,33.0,KINGS,1.0,74,60,15.0,4.0,7,0.25,0.06666666666666667,0.8108108108108109,纽约市
AP,4,331400011449,BROOKLYN LATIN SCHOOL,1.0,NEW YORK CITY,33.0,KINGS,1.0,3,0,0.0,0.0,2,,,0.0,纽约市
AP,4,331400011454,WILLIAMSBURG HS-ART-TECH,1.0,NEW YORK CITY,33.0,KINGS,1.0,85,75,7.0,0.0,5,0.09333333333333334,0.0,0.8823529411764706,纽约市
AP,4,331400011474,PROGRESS HS-PROFESSIONAL CAREERS,1.0,NEW YORK CITY,33.0,KINGS,1.0,83,30,15.0,6.0,7,0.5,0.2,0.3614457831325301,纽约市
AP,4,331400011477,EAST WILLIAMSBURG SCHOLARS,1.0,NEW YORK CITY,33.0,KINGS,1.0,95,77,22.0,10.0,6,0.2857142857142857,0.12987012987012986,0.8105263157894737,纽约市
AP,4,331400011478,"HIGH SCHOOL-ENTERPRISE, BUS & TECH",1.0,NEW YORK CITY,33.0,KINGS,1.0,113,64,10.0,1.0,8,0.15625,0.015625,0.5663716814159292,纽约市
AP,4,331400011488,BROOKLYN PREPARATORY HS,1.0,NEW YORK CITY,33.0,KINGS,1.0,227,156,39.0,12.0,9,0.25,0.07692307692307693,0.6872246696035242,纽约市
AP,4,331400011558,WILLAMSBURG HS-ARCH & DESIGN,1.0,NEW YORK CITY,33.0,KINGS,1.0,186,179,68.0,33.0,4,0.37988826815642457,0.18435754189944134,0.9623655913978495,纽约市
AP,4,331400011561,WILLIAMSBURG PREPARATORY SCHOOL,1.0,NEW YORK CITY,33.0,KINGS,1.0,336,325,158.0,80.0,6,0.48615384615384616,0.24615384615384617,0.9672619047619048,纽约市
AP,4,331400011610,A-TECH HIGH SCHOOL,1.0,NEW YORK CITY,33.0,KINGS,1.0,105,55,22.0,10.0,4,0.4,0.18181818181818182,0.5238095238095238,纽约市
AP,4,331400011614,YOUNG WOMENS LEADERSHIP SCH-BROOKLY,1.0,NEW YORK CITY,33.0,KINGS,1.0,87,55,12.0,2.0,4,0.21818181818181817,0.03636363636363636,0.632183908045977,纽约市
AP,4,331500010448,BROOKLYN COLLABORATIVE STUDIES,1.0,NEW YORK CITY,33.0,KINGS,1.0,1,0,0.0,0.0,1,,,0.0,纽约市
AP,4,331500011429,DIGITAL ARTS AND CINEMA TECH HS,1.0,NEW YORK CITY,33.0,KINGS,1.0,139,126,38.0,9.0,1,0.30158730158730157,0.07142857142857142,0.9064748201438849,纽约市
AP,4,331500011462,JOHN JAY SCHOOL FOR LAW,1.0,NEW YORK CITY,33.0,KINGS,1.0,265,217,43.0,7.0,10,0.19815668202764977,0.03225806451612903,0.8188679245283019,纽约市
AP,4,331500011463,CYBERARTS STUDIO ACADEMY,1.0,NEW YORK CITY,33.0,KINGS,1.0,10,5,5.0,3.0,0,1.0,0.6,0.5,纽约市
AP,4,331500011497,BOERUM HILL SCHOOL FOR INTERNATIONAL,1.0,NEW YORK CITY,33.0,KINGS,1.0,2,0,0.0,0.0,1,,,0.0,纽约市
AP,4,331500011519,COBBLE HILL SCHOOL-AMERICAN STUDIES,1.0,NEW YORK CITY,33.0,KINGS,1.0,50,24,12.0,6.0,2,0.5,0.25,0.48,纽约市
AP,4,331500011592,KHALIL GIBRAN INTERNATIONAL ACADEMY,1.0,NEW YORK CITY,33.0,KINGS,1.0,1,0,0.0,0.0,1,,,0.0,纽约市
AP,4,331500011656,BROOKLYN HIGH SCHOOL OF THE ARTS,1.0,NEW YORK CITY,33.0,KINGS,1.0,194,172,100.0,42.0,5,0.5813953488372093,0.2441860465116279,0.8865979381443299,纽约市
AP,4,331500011667,SUNSET PARK HIGH SCHOOL,1.0,NEW YORK CITY,33.0,KINGS,1.0,98,98,40.0,15.0,0,0.40816326530612246,0.15306122448979592,1.0,纽约市
AP,4,331500011684,MILLENNIUM BROOKLYN HIGH SCHOOL,1.0,NEW YORK CITY,33.0,KINGS,1.0,328,325,308.0,235.0,3,0.9476923076923077,0.7230769230769231,0.9908536585365854,纽约市
AP,4,331500011698,SOUTH BROOKLYN COMM HIGH SCHOOL,1.0,NEW YORK CITY,33.0,KINGS,1.0,3,0,0.0,0.0,1,,,0.0,纽约市
AP,4,331500860953,SUMMIT ACADEMY CHARTER SCHOOL,7.0,CHARTER SCHOOL,33.0,KINGS,1.0,41,21,10.0,0.0,5,0.47619047619047616,0.0,0.5121951219512195,特许学校
AP,4,331600011455,BOYS AND GIRLS HIGH SCHOOL,1.0,NEW YORK CITY,33.0,KINGS,1.0,41,30,6.0,0.0,2,0.2,0.0,0.7317073170731707,纽约市
AP,4,331600011498,BROOKLYN HIGH SCHOOL-LAW AND TECH,1.0,NEW YORK CITY,33.0,KINGS,1.0,96,71,47.0,8.0,2,0.6619718309859155,0.11267605633802817,0.7395833333333334,纽约市
AP,4,331600011688,BROOKYLN ACADEMY OF GLOBAL FINANCE,1.0,NEW YORK CITY,33.0,KINGS,1.0,39,15,8.0,0.0,1,0.5333333333333333,0.0,0.38461538461538464,纽约市
AP,4,331600011765,NELSON MANDELA HIGH SCHOOL,1.0,NEW YORK CITY,33.0,KINGS,1.0,37,0,0.0,0.0,1,,,0.0,纽约市
AP,4,331600860938,EXCELLENCE GIRLS CHARTER SCHOOL,7.0,CHARTER SCHOOL,33.0,KINGS,1.0,1,0,0.0,0.0,1,,,0.0,特许学校
AP,4,331700011122,PATHWAYS TECH EARLY COLLEGE HS,1.0,NEW YORK CITY,33.0,KINGS,1.0,3,0,0.0,0.0,3,,,0.0,纽约市
AP,4,331700011382,ACAD FOR COLLEGE PREP AND CAREER EXP,1.0,NEW YORK CITY,33.0,KINGS,1.0,40,0,0.0,0.0,8,,,0.0,纽约市
AP,4,331700011408,ACADEMY OF HOSPITALITY AND TOURISM,1.0,NEW YORK CITY,33.0,KINGS,1.0,131,115,36.0,8.0,8,0.3130434782608696,0.06956521739130435,0.8778625954198473,纽约市
AP,4,331700011524,INTERNTL HS AT PROSPECT HGHTS,1.0,NEW YORK CITY,33.0,KINGS,1.0,18,13,10.0,5.0,3,0.7692307692307693,0.38461538461538464,0.7222222222222222,纽约市
AP,4,331700011528,HIGH SCHOOL FOR GLOBAL CITIZENSHIP,1.0,NEW YORK CITY,33.0,KINGS,1.0,74,43,14.0,2.0,8,0.32558139534883723,0.046511627906976744,0.581081081081081,纽约市
AP,4,331700011531,SCHOOL FOR HUMAN RIGHTS,1.0,NEW YORK CITY,33.0,KINGS,1.0,31,10,2.0,0.0,3,0.2,0.0,0.3225806451612903,纽约市
AP,4,331700011537,HIGH SCHOOL-YOUTH & COMM DVLPMNT,1.0,NEW YORK CITY,33.0,KINGS,1.0,80,44,6.0,0.0,5,0.13636363636363635,0.0,0.55,纽约市
AP,4,331700011539,HIGH SCHOOL-SERVICE & LEARNING,1.0,NEW YORK CITY,33.0,KINGS,1.0,30,14,1.0,0.0,0,0.07142857142857142,0.0,0.4666666666666667,纽约市
AP,4,331700011543,"SCIENCE, TECH & RESEARCH EARLY COLLE",1.0,NEW YORK CITY,33.0,KINGS,1.0,115,92,53.0,17.0,6,0.5760869565217391,0.18478260869565216,0.8,纽约市
AP,4,331700011546,HS FOR PUBLIC SERVICE-HEROES OF TOM,1.0,NEW YORK CITY,33.0,KINGS,1.0,112,81,16.0,3.0,7,0.19753086419753085,0.037037037037037035,0.7232142857142857,纽约市
AP,4,331700011547,BROOKLYN ACADEMY OF SCI & ENVIRON,1.0,NEW YORK CITY,33.0,KINGS,1.0,66,58,7.0,2.0,6,0.1206896551724138,0.034482758620689655,0.8787878787878788,纽约市
AP,4,331700011548,BROOKLYN SCHOOL FOR MUSIC & THEATER,1.0,NEW YORK CITY,33.0,KINGS,1.0,41,20,8.0,0.0,0,0.4,0.0,0.4878048780487805,纽约市
AP,4,331700011568,BROWNSVILLE ACADEMY HIGH SCHOOL,1.0,NEW YORK CITY,33.0,KINGS,1.0,1,0,0.0,0.0,1,,,0.0,纽约市
AP,4,331700011590,MEDGAR EVERS COLLEGE PREP SCHOOL,1.0,NEW YORK CITY,33.0,KINGS,1.0,1630,1591,844.0,342.0,20,0.5304839723444374,0.21495914519170334,0.9760736196319019,纽约市
AP,4,331700011600,CLARA BARTON HIGH SCHOOL,1.0,NEW YORK CITY,33.0,KINGS,1.0,100,79,12.0,0.0,7,0.1518987341772152,0.0,0.79,纽约市
AP,4,331700011646,ASPIRATIONS DIPLOMA PLUS HS,1.0,NEW YORK CITY,33.0,KINGS,1.0,2,0,0.0,0.0,1,,,0.0,纽约市
AP,4,331700011745,BROOKLYN INSTITUTE FOR LIBERAL ARTS,1.0,NEW YORK CITY,33.0,KINGS,1.0,27,23,10.0,3.0,4,0.43478260869565216,0.13043478260869565,0.8518518518518519,纽约市
AP,4,331700011751,ACADEMY FOR HEALTH CAREERS,1.0,NEW YORK CITY,33.0,KINGS,1.0,55,48,3.0,1.0,2,0.0625,0.020833333333333332,0.8727272727272727,纽约市
AP,4,331700861007,NEW VISIONS AIM CHARTER HS I,7.0,CHARTER SCHOOL,33.0,KINGS,1.0,1,0,0.0,0.0,1,,,0.0,特许学校
AP,4,331800011563,IT TAKES A VILLAGE ACADEMY,1.0,NEW YORK CITY,33.0,KINGS,1.0,30,7,1.0,0.0,7,0.14285714285714285,0.0,0.23333333333333334,纽约市
AP,4,331800011566,BROOKLYN COMMUNITY HS-EXCEL-EQUITY,1.0,NEW YORK CITY,33.0,KINGS,1.0,32,0,0.0,0.0,3,,,0.0,纽约市
AP,4,331800011567,BROOKLYN THEATRE ARTS HIGH SCHOOL,1.0,NEW YORK CITY,33.0,KINGS,1.0,29,23,1.0,0.0,5,0.043478260869565216,0.0,0.7931034482758621,纽约市
AP,4,331800011569,KURT HAHN EXPEDITIONARY LRNING SCH,1.0,NEW YORK CITY,33.0,KINGS,1.0,16,14,1.0,0.0,1,0.07142857142857142,0.0,0.875,纽约市
AP,4,331800011576,VICTORY COLLEGIATE HIGH SCHOOL,1.0,NEW YORK CITY,33.0,KINGS,1.0,9,8,6.0,0.0,1,0.75,0.0,0.8888888888888888,纽约市
AP,4,331800011617,HS FOR INNOVATION -ADVERTISING/MEDIA,1.0,NEW YORK CITY,33.0,KINGS,1.0,42,10,4.0,0.0,3,0.4,0.0,0.23809523809523808,纽约市
AP,4,331800011629,CULTURAL ACADEMY-ARTS AND SCIENCES,1.0,NEW YORK CITY,33.0,KINGS,1.0,57,20,6.0,0.0,7,0.3,0.0,0.3508771929824561,纽约市
AP,4,331800011633,HIGH SCHOOL FOR MEDICAL PROFESSIONS,1.0,NEW YORK CITY,33.0,KINGS,1.0,69,58,14.0,2.0,6,0.2413793103448276,0.034482758620689655,0.8405797101449275,纽约市
AP,4,331800011635,OLYMPUS ACADEMY,1.0,NEW YORK CITY,33.0,KINGS,1.0,30,16,5.0,1.0,0,0.3125,0.0625,0.5333333333333333,纽约市
AP,4,331800011637,ACAD FOR CONSERVATION & ENVIRONMENT,1.0,NEW YORK CITY,33.0,KINGS,1.0,269,206,18.0,4.0,4,0.08737864077669903,0.019417475728155338,0.7657992565055762,纽约市
AP,4,331800011642,URBAN ACTION ACADEMY,1.0,NEW YORK CITY,33.0,KINGS,1.0,8,0,0.0,0.0,0,,,0.0,纽约市
AP,4,331800011673,EAST BROOKLYN COMMUNITY HS,1.0,NEW YORK CITY,33.0,KINGS,1.0,6,0,0.0,0.0,2,,,0.0,纽约市
AP,4,331800860908,KINGS COLLEGIATE CHARTER SCHOOL,7.0,CHARTER SCHOOL,33.0,KINGS,1.0,5,0,0.0,0.0,5,,,0.0,特许学校
AP,4,331900011404,ACADEMY FOR YOUNG WRITERS,1.0,NEW YORK CITY,33.0,KINGS,1.0,50,49,7.0,0.0,1,0.14285714285714285,0.0,0.98,纽约市
AP,4,331900011409,EAST NEW YORK FAMILY ACADEMY,1.0,NEW YORK CITY,33.0,KINGS,1.0,66,52,5.0,1.0,1,0.09615384615384616,0.019230769230769232,0.7878787878787878,纽约市
AP,4,331900011502,FDNY-CAPTAIN VERNON A RICHARDS HS,1.0,NEW YORK CITY,33.0,KINGS,1.0,25,0,0.0,0.0,1,,,0.0,纽约市
AP,4,331900011507,PERFORMING ARTS & TECH HS,1.0,NEW YORK CITY,33.0,KINGS,1.0,58,26,2.0,2.0,9,0.07692307692307693,0.07692307692307693,0.4482758620689655,纽约市
AP,4,331900011510,WORLD ACAD FOR TOTAL COM HEALTH,1.0,NEW YORK CITY,33.0,KINGS,1.0,10,9,1.0,0.0,1,0.1111111111111111,0.0,0.9,纽约市
AP,4,331900011583,MULTICULTURAL HIGH SCHOOL,1.0,NEW YORK CITY,33.0,KINGS,1.0,292,196,81.0,34.0,5,0.413265306122449,0.17346938775510204,0.6712328767123288,纽约市
AP,4,331900011615,TRANSIT TECH CAREER AND TECHNICAL,1.0,NEW YORK CITY,33.0,KINGS,1.0,116,41,2.0,0.0,6,0.04878048780487805,0.0,0.35344827586206895,纽约市
AP,4,331900011618,ACADEMY OF INNOVATIVE TECHNOLOGY,1.0,NEW YORK CITY,33.0,KINGS,1.0,52,48,16.0,9.0,3,0.3333333333333333,0.1875,0.9230769230769231,纽约市
AP,4,331900011639,BROOKLYN LAB SCHOOL,1.0,NEW YORK CITY,33.0,KINGS,1.0,60,45,11.0,5.0,4,0.24444444444444444,0.1111111111111111,0.75,纽约市
AP,4,331900011659,CYPRESS HILLS COLLEGIATE PREP SCHOOL,1.0,NEW YORK CITY,33.0,KINGS,1.0,260,98,11.0,6.0,3,0.11224489795918367,0.061224489795918366,0.3769230769230769,纽约市
AP,4,331900011660,W H MAXWELL CAREER AND TECH HS,1.0,NEW YORK CITY,33.0,KINGS,1.0,9,9,2.0,1.0,0,0.2222222222222222,0.1111111111111111,1.0,纽约市
AP,4,331900011683,SCHOOL FOR CLASSICS HIGH SCHOOL,1.0,NEW YORK CITY,33.0,KINGS,1.0,51,19,2.0,2.0,2,0.10526315789473684,0.10526315789473684,0.37254901960784315,纽约市
AP,4,331900011764,URBAN ASSEMBLY-COLLABORATIVE HEALTHC,1.0,NEW YORK CITY,33.0,KINGS,1.0,89,62,26.0,2.0,9,0.41935483870967744,0.03225806451612903,0.6966292134831461,纽约市
AP,4,331900011953,EAST NY ARTS-CIVICS HIGH SCHOOL,1.0,NEW YORK CITY,33.0,KINGS,1.0,9,7,1.0,0.0,2,0.14285714285714285,0.0,0.7777777777777778,纽约市
AP,4,332000011445,NEW UTRECHT HIGH SCHOOL,1.0,NEW YORK CITY,33.0,KINGS,1.0,1559,1522,775.0,415.0,9,0.5091984231274639,0.2726675427069645,0.9762668377164849,纽约市
AP,4,332000011485,HIGH SCHOOL OF TELECOMMUNICATION,1.0,NEW YORK CITY,33.0,KINGS,1.0,722,709,252.0,106.0,1,0.3554301833568406,0.14950634696755993,0.981994459833795,纽约市
AP,4,332000011490,FORT HAMILTON HIGH SCHOOL,1.0,NEW YORK CITY,33.0,KINGS,1.0,1744,1718,1286.0,812.0,13,0.7485448195576252,0.47264260768335276,0.9850917431192661,纽约市
AP,4,332000011505,FRANKLIN D ROOSEVELT HS,1.0,NEW YORK CITY,33.0,KINGS,1.0,1221,1197,645.0,334.0,16,0.5388471177944862,0.27903091060985796,0.9803439803439803,纽约市
AP,4,332000011609,URBAN ASSEMBLY SCHL-LEADER-EMPOWER,1.0,NEW YORK CITY,33.0,KINGS,1.0,198,193,121.0,52.0,2,0.6269430051813472,0.2694300518134715,0.9747474747474747,纽约市
AP,4,332100011337,INTERNATIONAL HS-LAFAYETTE,1.0,NEW YORK CITY,33.0,KINGS,1.0,16,0,0.0,0.0,6,,,0.0,纽约市
AP,4,332100011344,RACHEL CARSON HS FOR COASTAL STUDIES,1.0,NEW YORK CITY,33.0,KINGS,1.0,179,156,43.0,10.0,13,0.27564102564102566,0.0641025641025641,0.8715083798882681,纽约市
AP,4,332100011348,HIGH SCHOOL OF SPORTS MANAGEMENT,1.0,NEW YORK CITY,33.0,KINGS,1.0,40,34,6.0,0.0,4,0.17647058823529413,0.0,0.85,纽约市
AP,4,332100011410,ABRAHAM LINCOLN HIGH SCHOOL,1.0,NEW YORK CITY,33.0,KINGS,1.0,464,455,122.0,26.0,7,0.2681318681318681,0.05714285714285714,0.9806034482758621,纽约市
AP,4,332100011468,KINGSBOROUGH EARLY COLLEGE,1.0,NEW YORK CITY,33.0,KINGS,1.0,6,6,5.0,3.0,0,0.8333333333333334,0.5,1.0,纽约市
AP,4,332100011525,EDWARD R MURROW HIGH SCHOOL,1.0,NEW YORK CITY,33.0,KINGS,1.0,1584,1550,1079.0,579.0,16,0.6961290322580646,0.3735483870967742,0.9785353535353535,纽约市
AP,4,332100011540,JOHN DEWEY HIGH SCHOOL,1.0,NEW YORK CITY,33.0,KINGS,1.0,676,610,350.0,153.0,26,0.5737704918032787,0.25081967213114753,0.9023668639053254,纽约市
AP,4,332100011559,LIFE ACAD HS FOR FILM AND MUSIC,1.0,NEW YORK CITY,33.0,KINGS,1.0,15,6,5.0,3.0,3,0.8333333333333334,0.5,0.4,纽约市
AP,4,332100011572,LEADERS HIGH SCHOOL,1.0,NEW YORK CITY,33.0,KINGS,1.0,4,0,0.0,0.0,3,,,0.0,纽约市
AP,4,332100011620,WILLIAM E GRADY CAREER AND TECH,1.0,NEW YORK CITY,33.0,KINGS,1.0,190,137,19.0,0.0,5,0.1386861313868613,0.0,0.7210526315789474,纽约市
AP,4,332100011690,BROOKLYN STUDIO SECONDARY SCHOOL,1.0,NEW YORK CITY,33.0,KINGS,1.0,237,223,127.0,57.0,6,0.5695067264573991,0.2556053811659193,0.9409282700421941,纽约市
AP,4,332100860949,CONEY ISLAND PREP PUBLIC CS,7.0,CHARTER SCHOOL,33.0,KINGS,1.0,1,0,0.0,0.0,1,,,0.0,特许学校
AP,4,332200011405,MIDWOOD HIGH SCHOOL,1.0,NEW YORK CITY,33.0,KINGS,1.0,3395,3374,2777.0,1794.0,10,0.8230586840545346,0.5317131001778305,0.9938144329896907,纽约市
AP,4,332200011425,JAMES MADISON HIGH SCHOOL,1.0,NEW YORK CITY,33.0,KINGS,1.0,1553,1529,1089.0,682.0,13,0.7122302158273381,0.4460431654676259,0.9845460399227302,纽约市
AP,4,332200011535,LEON M GOLDSTEIN HIGH SCH-SCIENCES,1.0,NEW YORK CITY,33.0,KINGS,1.0,1415,1376,884.0,489.0,20,0.6424418604651163,0.3553779069767442,0.9724381625441696,纽约市
AP,4,332200011555,BROOKLYN COLLEGE ACADEMY,1.0,NEW YORK CITY,33.0,KINGS,1.0,291,289,150.0,48.0,2,0.5190311418685121,0.16608996539792387,0.993127147766323,纽约市
AP,4,332200011611,ORIGINS HIGH SCHOOL,1.0,NEW YORK CITY,33.0,KINGS,1.0,157,141,10.0,1.0,4,0.07092198581560284,0.0070921985815602835,0.8980891719745223,纽约市
AP,4,332200011630,PROFESSIONAL PATHWAYS HIGH SCHOOL,1.0,NEW YORK CITY,33.0,KINGS,1.0,1,0,0.0,0.0,1,,,0.0,纽约市
AP,4,332300010514,FREDERICK DOUGLASS ACADEMY VII,1.0,NEW YORK CITY,33.0,KINGS,1.0,93,50,16.0,2.0,8,0.32,0.04,0.5376344086021505,纽约市
AP,4,332300011493,BROOKLYN COLLEGIATE,1.0,NEW YORK CITY,33.0,KINGS,1.0,35,29,2.0,1.0,3,0.06896551724137931,0.034482758620689655,0.8285714285714286,纽约市
AP,4,332300011643,BROOKLYN DEMOCRACY ACADEMY,1.0,NEW YORK CITY,33.0,KINGS,1.0,36,0,0.0,0.0,13,,,0.0,纽约市
AP,4,332300011644,EAGLE ACADEMY FOR YOUNG MEN II,1.0,NEW YORK CITY,33.0,KINGS,1.0,89,63,6.0,1.0,0,0.09523809523809523,0.015873015873015872,0.7078651685393258,纽约市
AP,4,332300011647,METROPOLITAN DIPLOMA PLUS HS,1.0,NEW YORK CITY,33.0,KINGS,1.0,5,0,0.0,0.0,3,,,0.0,纽约市
AP,4,332300011697,TEACHERS PREPARATORY HIGH SCHOOL,1.0,NEW YORK CITY,33.0,KINGS,1.0,30,9,1.0,1.0,2,0.1111111111111111,0.1111111111111111,0.3,纽约市
AP,4,332300860941,LEADERSHIP PREP OCEAN HILL CS,7.0,CHARTER SCHOOL,33.0,KINGS,1.0,1,0,0.0,0.0,1,,,0.0,特许学校
AP,4,333200010564,BUSHWICK COMMUNITY HS,1.0,NEW YORK CITY,33.0,KINGS,1.0,3,0,0.0,0.0,2,,,0.0,纽约市
AP,4,333200011168,BROOKLYN SCHOOL FOR MATH AND RESEARC,1.0,NEW YORK CITY,33.0,KINGS,1.0,202,172,82.0,15.0,4,0.47674418604651164,0.0872093023255814,0.8514851485148515,纽约市
AP,4,333200011403,ACADEMY FOR EXCELLENCE-LEADERSHIP,1.0,NEW YORK CITY,33.0,KINGS,1.0,104,23,6.0,0.0,1,0.2608695652173913,0.0,0.22115384615384615,纽约市
AP,4,333200011545,EBC HIGH SCHOOL-PUBLIC SERVICE,1.0,NEW YORK CITY,33.0,KINGS,1.0,103,70,16.0,2.0,3,0.22857142857142856,0.02857142857142857,0.6796116504854369,纽约市
AP,4,333200011549,BROOKLYN SCHOOL FOR SOCIAL JUSTICE,1.0,NEW YORK CITY,33.0,KINGS,1.0,54,18,11.0,4.0,4,0.6111111111111112,0.2222222222222222,0.3333333333333333,纽约市
AP,4,333200011552,ACADEMY OF URBAN PLANNING-ENGINEERIN,1.0,NEW YORK CITY,33.0,KINGS,1.0,153,144,67.0,23.0,6,0.4652777777777778,0.1597222222222222,0.9411764705882353,纽约市
AP,4,333200011554,ALL CITY LEADERSHIP SECONDARY,1.0,NEW YORK CITY,33.0,KINGS,1.0,423,409,212.0,108.0,7,0.5183374083129584,0.26405867970660146,0.966903073286052,纽约市
AP,4,333200011556,BUSHWICK LEADERS HS-ACAD EXCELL,1.0,NEW YORK CITY,33.0,KINGS,1.0,89,56,14.0,8.0,6,0.25,0.14285714285714285,0.6292134831460674,纽约市
AP,4,342400011264,ACADEMY-FINANCE & ENTERPRISE,1.0,NEW YORK CITY,34.0,QUEENS,1.0,568,560,435.0,277.0,3,0.7767857142857143,0.49464285714285716,0.9859154929577465,纽约市
AP,4,342400011267,HS-APPLIED COMMUNICATIONS,1.0,NEW YORK CITY,34.0,QUEENS,1.0,213,138,23.0,10.0,1,0.16666666666666666,0.07246376811594203,0.647887323943662,纽约市
AP,4,342400011293,CIVIC LEADERSHIP ACADEMY,1.0,NEW YORK CITY,34.0,QUEENS,1.0,282,280,110.0,48.0,2,0.39285714285714285,0.17142857142857143,0.9929078014184397,纽约市
AP,4,342400011296,PAN AMERICAN INTERNATIONAL HS,1.0,NEW YORK CITY,34.0,QUEENS,1.0,246,213,142.0,78.0,3,0.6666666666666666,0.36619718309859156,0.8658536585365854,纽约市
AP,4,342400011455,NEWTOWN HIGH SCHOOL,1.0,NEW YORK CITY,34.0,QUEENS,1.0,876,849,297.0,123.0,8,0.3498233215547703,0.14487632508833923,0.9691780821917808,纽约市
AP,4,342400011485,GROVER CLEVELAND HIGH SCHOOL,1.0,NEW YORK CITY,34.0,QUEENS,1.0,347,336,130.0,50.0,7,0.3869047619047619,0.1488095238095238,0.968299711815562,纽约市
AP,4,342400011550,HIGH SCHOOL FOR ARTS & BUSINESS,1.0,NEW YORK CITY,34.0,QUEENS,1.0,447,433,162.0,52.0,6,0.3741339491916859,0.12009237875288684,0.9686800894854586,纽约市
AP,4,342400011560,ROBERT F WAGNER JR SECONDARY,1.0,NEW YORK CITY,34.0,QUEENS,1.0,173,124,41.0,15.0,1,0.33064516129032256,0.12096774193548387,0.7167630057803468,纽约市
AP,4,342400011585,MASPETH HIGH SCHOOL,1.0,NEW YORK CITY,34.0,QUEENS,1.0,600,591,355.0,153.0,9,0.6006768189509306,0.25888324873096447,0.985,纽约市
AP,4,342400011600,QUEENS TECHNICAL HIGH SCHOOL,1.0,NEW YORK CITY,34.0,QUEENS,1.0,294,267,91.0,40.0,6,0.3408239700374532,0.149812734082397,0.9081632653061225,纽约市
AP,4,342400011610,AVIATION CAREER AND TECH ED HS,1.0,NEW YORK CITY,34.0,QUEENS,1.0,824,824,576.0,310.0,0,0.6990291262135923,0.3762135922330097,1.0,纽约市
AP,4,342500011240,VERITAS ACADEMY,1.0,NEW YORK CITY,34.0,QUEENS,1.0,227,216,81.0,25.0,5,0.375,0.11574074074074074,0.9515418502202643,纽约市
AP,4,342500011241,QUEENS HS FOR LANGUAGE STUDIES,1.0,NEW YORK CITY,34.0,QUEENS,1.0,223,214,104.0,53.0,4,0.48598130841121495,0.24766355140186916,0.9596412556053812,纽约市
AP,4,342500011252,QUEENS SCHOOL OF INQUIRY,1.0,NEW YORK CITY,34.0,QUEENS,1.0,115,101,35.0,14.0,4,0.3465346534653465,0.13861386138613863,0.8782608695652174,纽约市
AP,4,342500011263,FLUSHING INTERNATIONAL HS,1.0,NEW YORK CITY,34.0,QUEENS,1.0,58,57,37.0,20.0,1,0.6491228070175439,0.3508771929824561,0.9827586206896551,纽约市
AP,4,342500011281,EAST-WEST SCHOOL-INTERNATION STUDIES,1.0,NEW YORK CITY,34.0,QUEENS,1.0,236,230,122.0,62.0,3,0.5304347826086957,0.26956521739130435,0.9745762711864406,纽约市
AP,4,342500011285,WORLD JOURNALISM PREPARATORY,1.0,NEW YORK CITY,34.0,QUEENS,1.0,327,326,169.0,70.0,1,0.5184049079754601,0.2147239263803681,0.9969418960244648,纽约市
AP,4,342500011425,JOHN BOWNE HIGH SCHOOL,1.0,NEW YORK CITY,34.0,QUEENS,1.0,1023,996,581.0,259.0,13,0.5833333333333334,0.2600401606425703,0.9736070381231672,纽约市
AP,4,342500011460,FLUSHING HIGH SCHOOL,1.0,NEW YORK CITY,34.0,QUEENS,1.0,689,644,172.0,51.0,10,0.2670807453416149,0.07919254658385093,0.9346879535558781,纽约市
AP,4,342500011525,TOWNSEND HARRIS HIGH SCHOOL,1.0,NEW YORK CITY,34.0,QUEENS,1.0,2443,2419,1780.0,1113.0,16,0.7358412567176519,0.4601074824307565,0.9901760130986492,纽约市
AP,4,342500011540,QUEENS ACADEMY HIGH SCHOOL,1.0,NEW YORK CITY,34.0,QUEENS,1.0,5,0,0.0,0.0,3,,,0.0,纽约市
AP,4,342500011670,ROBERT F KENNEDY COMMUNITY HS,1.0,NEW YORK CITY,34.0,QUEENS,1.0,237,229,117.0,44.0,6,0.5109170305676856,0.19213973799126638,0.9662447257383966,纽约市
AP,4,342600011315,BUSINESS TECHNOLOGY EARLY COLLEGE HS,1.0,NEW YORK CITY,34.0,QUEENS,1.0,67,60,8.0,4.0,2,0.13333333333333333,0.06666666666666667,0.8955223880597015,纽约市
AP,4,342600011415,BENJAMIN N CARDOZO HIGH SCHOOL,1.0,NEW YORK CITY,34.0,QUEENS,1.0,2148,2136,1344.0,742.0,7,0.6292134831460674,0.34737827715355807,0.994413407821229,纽约市
AP,4,342600011430,FRANCIS LEWIS HIGH SCHOOL,1.0,NEW YORK CITY,34.0,QUEENS,1.0,2956,2930,2356.0,1562.0,14,0.8040955631399317,0.5331058020477816,0.9912043301759134,纽约市
AP,4,342600011435,MARTIN VAN BUREN HIGH SCHOOL,1.0,NEW YORK CITY,34.0,QUEENS,1.0,369,342,160.0,54.0,3,0.4678362573099415,0.15789473684210525,0.926829268292683,纽约市
AP,4,342600011495,BAYSIDE HIGH SCHOOL,1.0,NEW YORK CITY,34.0,QUEENS,1.0,1984,1936,1065.0,596.0,19,0.550103305785124,0.30785123966942146,0.9758064516129032,纽约市
AP,4,342600011566,QUEENS HIGH SCHOOL OF TEACHING,1.0,NEW YORK CITY,34.0,QUEENS,1.0,143,139,32.0,7.0,3,0.2302158273381295,0.050359712230215826,0.972027972027972,纽约市
AP,4,342700010146,PS 146 HOWARD BEACH,1.0,NEW YORK CITY,34.0,QUEENS,1.0,3,0,0.0,0.0,3,,,0.0,纽约市
AP,4,342700010314,EPIC HIGH SCHOOL-SOUTH,1.0,NEW YORK CITY,34.0,QUEENS,1.0,255,193,23.0,6.0,9,0.11917098445595854,0.031088082901554404,0.7568627450980392,纽约市
AP,4,342700010323,SCHOLARS' ACADEMY,1.0,NEW YORK CITY,34.0,QUEENS,1.0,586,586,461.0,284.0,0,0.7866894197952219,0.48464163822525597,1.0,纽约市
AP,4,342700011260,FREDERICK DOUGLASS ACAD VI HS,1.0,NEW YORK CITY,34.0,QUEENS,1.0,49,10,1.0,0.0,5,0.1,0.0,0.20408163265306123,纽约市
AP,4,342700011261,VOYAGES PREP-SOUTH QUEENS,1.0,NEW YORK CITY,34.0,QUEENS,1.0,22,0,0.0,0.0,3,,,0.0,纽约市
AP,4,342700011262,CHANNEL VIEW SCHOOL-RESEARCH,1.0,NEW YORK CITY,34.0,QUEENS,1.0,521,517,127.0,15.0,3,0.24564796905222436,0.029013539651837523,0.9923224568138196,纽约市
AP,4,342700011302,"QUEENS HS-INFOR, RESEARCH, TECH",1.0,NEW YORK CITY,34.0,QUEENS,1.0,140,109,27.0,11.0,5,0.24770642201834864,0.10091743119266056,0.7785714285714286,纽约市
AP,4,342700011308,ROBERT H GODDARD HS-COMM/TECH,1.0,NEW YORK CITY,34.0,QUEENS,1.0,151,147,86.0,36.0,1,0.5850340136054422,0.24489795918367346,0.9735099337748344,纽约市
AP,4,342700011309,ACADEMY OF MEDICAL TECHNOLOGY,1.0,NEW YORK CITY,34.0,QUEENS,1.0,40,14,1.0,0.0,2,0.07142857142857142,0.0,0.35,纽约市
AP,4,342700011324,ROCKAWAY PARK HS-ENVIRONMENT SUSTAIN,1.0,NEW YORK CITY,34.0,QUEENS,1.0,39,0,0.0,0.0,7,,,0.0,纽约市
AP,4,342700011334,EPIC HIGH SCHOOL - NORTH,1.0,NEW YORK CITY,34.0,QUEENS,1.0,71,44,5.0,0.0,4,0.11363636363636363,0.0,0.6197183098591549,纽约市
AP,4,342700011351,ROCKAWAY COLLEGIATE HIGH SCHOOL,1.0,NEW YORK CITY,34.0,QUEENS,1.0,48,13,2.0,0.0,3,0.15384615384615385,0.0,0.2708333333333333,纽约市
AP,4,342700011400,AUGUST MARTIN HIGH SCHOOL,1.0,NEW YORK CITY,34.0,QUEENS,1.0,195,178,52.0,17.0,7,0.29213483146067415,0.09550561797752809,0.9128205128205128,纽约市
AP,4,342700011475,RICHMOND HILL HIGH SCHOOL,1.0,NEW YORK CITY,34.0,QUEENS,1.0,165,121,58.0,21.0,8,0.4793388429752066,0.17355371900826447,0.7333333333333333,纽约市
AP,4,342700011480,JOHN ADAMS HIGH SCHOOL,1.0,NEW YORK CITY,34.0,QUEENS,1.0,668,636,240.0,85.0,11,0.37735849056603776,0.13364779874213836,0.9520958083832335,纽约市
AP,4,342700011650,"HS FOR CON, TRADES, ENGINEER AND ARC",1.0,NEW YORK CITY,34.0,QUEENS,1.0,869,857,367.0,155.0,6,0.4282380396732789,0.1808634772462077,0.9861910241657077,纽约市
AP,4,342700860990,CHALLENGE PREPARATORY CHARTER SCHOOL,7.0,CHARTER SCHOOL,34.0,QUEENS,1.0,1,0,0.0,0.0,1,,,0.0,特许学校
AP,4,342800010140,PS 140 EDWARD K ELLINGTON,1.0,NEW YORK CITY,34.0,QUEENS,1.0,1,0,0.0,0.0,1,,,0.0,纽约市
AP,4,342800011167,METROPOLITAN EXPEDITIONARY LRNING,1.0,NEW YORK CITY,34.0,QUEENS,1.0,154,152,70.0,28.0,1,0.4605263157894737,0.18421052631578946,0.987012987012987,纽约市
AP,4,342800011310,QUEENS COLLEGIATE,1.0,NEW YORK CITY,34.0,QUEENS,1.0,83,78,23.0,10.0,2,0.2948717948717949,0.1282051282051282,0.9397590361445783,纽约市
AP,4,342800011325,HILLSIDE ARTS & LETTERS ACADEMY,1.0,NEW YORK CITY,34.0,QUEENS,1.0,186,156,74.0,21.0,5,0.47435897435897434,0.1346153846153846,0.8387096774193549,纽约市
AP,4,342800011328,HIGH SCHOOL-COMMUNITY LEADERSHIP,1.0,NEW YORK CITY,34.0,QUEENS,1.0,150,129,53.0,12.0,3,0.4108527131782946,0.09302325581395349,0.86,纽约市
AP,4,342800011350,JAMAICA GATEWAY TO THE SCIENCES,1.0,NEW YORK CITY,34.0,QUEENS,1.0,201,190,121.0,76.0,6,0.6368421052631579,0.4,0.945273631840796,纽约市
AP,4,342800011440,FOREST HILLS HIGH SCHOOL,1.0,NEW YORK CITY,34.0,QUEENS,1.0,1638,1613,956.0,532.0,10,0.592684438933664,0.32982021078735274,0.9847374847374848,纽约市
AP,4,342800011505,HILLCREST HIGH SCHOOL,1.0,NEW YORK CITY,34.0,QUEENS,1.0,1087,1056,419.0,188.0,9,0.39678030303030304,0.17803030303030304,0.9714811407543699,纽约市
AP,4,342800011620,THOMAS A EDISON CAREER-TECH HS,1.0,NEW YORK CITY,34.0,QUEENS,1.0,749,705,497.0,267.0,9,0.7049645390070922,0.37872340425531914,0.9412550066755674,纽约市
AP,4,342800011680,QUEENS GATEWAY-HEALTH SCIENCES,1.0,NEW YORK CITY,34.0,QUEENS,1.0,721,672,291.0,127.0,7,0.4330357142857143,0.18898809523809523,0.9320388349514563,纽约市
AP,4,342800011686,QUEENS METROPOLITAN HIGH SCHOOL,1.0,NEW YORK CITY,34.0,QUEENS,1.0,268,244,172.0,90.0,9,0.7049180327868853,0.36885245901639346,0.9104477611940298,纽约市
AP,4,342800011687,QUEENS HS -SCIENCES-YORK COLLEGE,1.0,NEW YORK CITY,34.0,QUEENS,1.0,770,745,631.0,478.0,16,0.8469798657718121,0.6416107382550336,0.9675324675324676,纽约市
AP,4,342800011690,HS-LAW ENFORCEMENT & PUB SAFETY,1.0,NEW YORK CITY,34.0,QUEENS,1.0,53,46,5.0,3.0,1,0.10869565217391304,0.06521739130434782,0.8679245283018868,纽约市
AP,4,342800011896,YOUNG WOMEN'S LRDSHP-QUEENS,1.0,NEW YORK CITY,34.0,QUEENS,1.0,264,248,144.0,55.0,11,0.5806451612903226,0.2217741935483871,0.9393939393939394,纽约市
AP,4,342900011248,QUEENS PREPARATORY ACADEMY,1.0,NEW YORK CITY,34.0,QUEENS,1.0,55,38,9.0,1.0,6,0.23684210526315788,0.02631578947368421,0.6909090909090909,纽约市
AP,4,342900011259,PATHWAYS COLLEGE PREPARATORY,1.0,NEW YORK CITY,34.0,QUEENS,1.0,97,73,6.0,2.0,0,0.0821917808219178,0.0273972602739726,0.7525773195876289,纽约市
AP,4,342900011265,EXCELSIOR PREPARATORY HS,1.0,NEW YORK CITY,34.0,QUEENS,1.0,271,171,58.0,15.0,16,0.3391812865497076,0.08771929824561403,0.6309963099630996,纽约市
AP,4,342900011272,GEORGE WASHINGTON CARVER HS,1.0,NEW YORK CITY,34.0,QUEENS,1.0,84,77,10.0,1.0,5,0.12987012987012986,0.012987012987012988,0.9166666666666666,纽约市
AP,4,342900011283,PREP ACADEMY FOR WRITERS,1.0,NEW YORK CITY,34.0,QUEENS,1.0,85,67,17.0,4.0,3,0.2537313432835821,0.05970149253731343,0.788235294117647,纽约市
AP,4,342900011313,"BENJAMIN FRANKLIN HS-FIN, INFO, TECH",1.0,NEW YORK CITY,34.0,QUEENS,1.0,81,72,22.0,2.0,2,0.3055555555555556,0.027777777777777776,0.8888888888888888,纽约市
AP,4,342900011326,CAMBRIA HEIGHTS ACADEMY,1.0,NEW YORK CITY,34.0,QUEENS,1.0,311,239,13.0,1.0,7,0.05439330543933055,0.0041841004184100415,0.7684887459807074,纽约市
AP,4,342900011327,EAGLE ACADEMY FOR YOUNG MEN III,1.0,NEW YORK CITY,34.0,QUEENS,1.0,101,74,11.0,1.0,2,0.14864864864864866,0.013513513513513514,0.7326732673267327,纽约市
AP,4,342900011492,MATH/SCIENCE RESEARCH/TECH MAGNET,1.0,NEW YORK CITY,34.0,QUEENS,1.0,106,78,28.0,3.0,11,0.358974358974359,0.038461538461538464,0.7358490566037735,纽约市
AP,4,342900011498,"HEALTH, ARTS, ROBOTICS AND TECHNOLOG",1.0,NEW YORK CITY,34.0,QUEENS,1.0,183,171,76.0,17.0,8,0.4444444444444444,0.09941520467836257,0.9344262295081968,纽约市
AP,4,343000011258,ENERGY TECH HIGH SCHOOL,1.0,NEW YORK CITY,34.0,QUEENS,1.0,54,53,36.0,23.0,1,0.6792452830188679,0.4339622641509434,0.9814814814814815,纽约市
AP,4,343000011286,YOUNG WOMENS LEADERSHIP SCHOOL,1.0,NEW YORK CITY,34.0,QUEENS,1.0,290,274,134.0,61.0,3,0.48905109489051096,0.22262773722627738,0.9448275862068966,纽约市
AP,4,343000011301,ACAD FOR CAREERS-TELEVISION-FILM,1.0,NEW YORK CITY,34.0,QUEENS,1.0,172,171,56.0,22.0,1,0.32748538011695905,0.1286549707602339,0.9941860465116279,纽约市
AP,4,343000011417,GOTHAM TECH HIGH SCHOOL,1.0,NEW YORK CITY,34.0,QUEENS,1.0,26,26,15.0,10.0,0,0.5769230769230769,0.38461538461538464,1.0,纽约市
AP,4,343000011445,WILLIAM CULLEN BRYANT HIGH SCHOOL,1.0,NEW YORK CITY,34.0,QUEENS,1.0,455,446,218.0,77.0,7,0.48878923766816146,0.1726457399103139,0.9802197802197802,纽约市
AP,4,343000011450,LONG ISLAND CITY HIGH SCHOOL,1.0,NEW YORK CITY,34.0,QUEENS,1.0,618,528,146.0,65.0,9,0.2765151515151515,0.12310606060606061,0.8543689320388349,纽约市
AP,4,343000011501,FRANK SINATRA SCHOOL OF THE ARTS,1.0,NEW YORK CITY,34.0,QUEENS,1.0,632,627,459.0,283.0,2,0.7320574162679426,0.4513556618819777,0.9920886075949367,纽约市
AP,4,343000011502,INFORMATION TECHNOLOGY HIGH SCHOOL,1.0,NEW YORK CITY,34.0,QUEENS,1.0,170,142,53.0,25.0,3,0.3732394366197183,0.176056338028169,0.8352941176470589,纽约市
AP,4,343000011555,NEWCOMERS HIGH SCHOOL,1.0,NEW YORK CITY,34.0,QUEENS,1.0,287,195,116.0,73.0,10,0.5948717948717949,0.37435897435897436,0.6794425087108014,纽约市
AP,4,343000011575,ACADEMY OF AMERICAN STUDIES,1.0,NEW YORK CITY,34.0,QUEENS,1.0,515,502,346.0,210.0,10,0.6892430278884463,0.41832669322709165,0.974757281553398,纽约市
AP,4,343000011580,BACCALAUREATE SCHOOL-GLOBAL ED,1.0,NEW YORK CITY,34.0,QUEENS,1.0,3,0,0.0,0.0,2,,,0.0,纽约市
AP,4,343000860822,RENAISSANCE CHARTER SCHOOL,7.0,CHARTER SCHOOL,34.0,QUEENS,1.0,105,88,37.0,21.0,2,0.42045454545454547,0.23863636363636365,0.8380952380952381,特许学校
AP,4,353100010028,EAGLE ACADEMY FOR YOUNG MEN,1.0,NEW YORK CITY,35.0,RICHMOND,1.0,30,20,4.0,1.0,0,0.2,0.05,0.6666666666666666,纽约市
AP,4,353100011047,CSI HS-INTERNATIONAL STUDIES,1.0,NEW YORK CITY,35.0,RICHMOND,1.0,350,332,219.0,84.0,10,0.6596385542168675,0.25301204819277107,0.9485714285714286,纽约市
AP,4,353100011064,GAYNOR MCCOWN EXPEDITIONARY LEARNING,1.0,NEW YORK CITY,35.0,RICHMOND,1.0,74,65,46.0,17.0,5,0.7076923076923077,0.26153846153846155,0.8783783783783784,纽约市
AP,4,353100011080,MICHAEL J PETRIDES SCHOOL,1.0,NEW YORK CITY,35.0,RICHMOND,1.0,357,348,109.0,36.0,5,0.3132183908045977,0.10344827586206896,0.9747899159663865,纽约市
AP,4,353100011440,NEW DORP HIGH SCHOOL,1.0,NEW YORK CITY,35.0,RICHMOND,1.0,1135,1123,582.0,268.0,8,0.5182546749777382,0.23864648263579696,0.9894273127753304,纽约市
AP,4,353100011445,PORT RICHMOND HIGH SCHOOL,1.0,NEW YORK CITY,35.0,RICHMOND,1.0,317,305,166.0,73.0,5,0.5442622950819672,0.23934426229508196,0.9621451104100947,纽约市
AP,4,353100011450,CURTIS HIGH SCHOOL,1.0,NEW YORK CITY,35.0,RICHMOND,1.0,806,794,127.0,28.0,7,0.15994962216624686,0.03526448362720403,0.9851116625310173,纽约市
AP,4,353100011455,TOTTENVILLE HIGH SCHOOL,1.0,NEW YORK CITY,35.0,RICHMOND,1.0,1985,1959,1284.0,659.0,6,0.655436447166922,0.33639612046962736,0.9869017632241813,纽约市
AP,4,353100011460,SUSAN E WAGNER HIGH SCHOOL,1.0,NEW YORK CITY,35.0,RICHMOND,1.0,1249,1241,843.0,465.0,7,0.6792908944399678,0.37469782433521354,0.9935948759007206,纽约市
AP,4,353100011470,CONCORD HIGH SCHOOL,1.0,NEW YORK CITY,35.0,RICHMOND,1.0,2,0,0.0,0.0,1,,,0.0,纽约市
AP,4,353100011600,RALPH R MCKEE CAREER-TECH,1.0,NEW YORK CITY,35.0,RICHMOND,1.0,199,199,40.0,16.0,0,0.20100502512562815,0.08040201005025126,1.0,纽约市
AP,4,353100011605,STATEN ISLAND TECHNICAL HS,1.0,NEW YORK CITY,35.0,RICHMOND,1.0,2249,2245,2144.0,1801.0,3,0.955011135857461,0.8022271714922049,0.9982214317474433,纽约市
AP,4,400301060006,LEWISTON PORTER SENIOR HS,5.0,AVERAGE NEEDS,40.0,NIAGARA,0.0,203,184,165.0,105.0,11,0.8967391304347826,0.5706521739130435,0.9064039408866995,平均
AP,4,400400010010,AARON MOSSELL JUNIOR HIGH SCHOOL,5.0,AVERAGE NEEDS,40.0,NIAGARA,0.0,2,0,0.0,0.0,2,,,0.0,平均
AP,4,400400010011,LOCKPORT HIGH SCHOOL,5.0,AVERAGE NEEDS,40.0,NIAGARA,0.0,271,263,154.0,58.0,2,0.5855513307984791,0.22053231939163498,0.9704797047970479,平均
AP,4,400601060006,NEWFANE SENIOR HIGH SCHOOL,5.0,AVERAGE NEEDS,40.0,NIAGARA,0.0,174,169,76.0,29.0,4,0.44970414201183434,0.17159763313609466,0.9712643678160919,平均
AP,4,400701060010,NIAGARA-WHEATFIELD SR HIGH SCHOOL,5.0,AVERAGE NEEDS,40.0,NIAGARA,0.0,250,241,166.0,79.0,6,0.6887966804979253,0.3278008298755187,0.964,平均
AP,4,400800010034,NIAGARA FALLS HIGH SCHOOL,3.0,URBAN/SUBURBAN/HIGH NEEDS,40.0,NIAGARA,0.0,348,339,149.0,60.0,3,0.43952802359882004,0.17699115044247787,0.9741379310344828,城市-郊区
AP,4,400900010011,NORTH TONAWANDA HIGH SCHOOL,5.0,AVERAGE NEEDS,40.0,NIAGARA,0.0,196,188,139.0,76.0,5,0.7393617021276596,0.40425531914893614,0.9591836734693877,平均
AP,4,401001060001,STARPOINT HIGH SCHOOL,5.0,AVERAGE NEEDS,40.0,NIAGARA,0.0,473,463,322.0,172.0,8,0.6954643628509719,0.3714902807775378,0.9788583509513742,平均
AP,4,401301040003,BARKER JR/SR HIGH SCHOOL,5.0,AVERAGE NEEDS,40.0,NIAGARA,0.0,39,35,21.0,10.0,2,0.6,0.2857142857142857,0.8974358974358975,平均
AP,4,411101060005,CLINTON SENIOR HIGH SCHOOL,5.0,AVERAGE NEEDS,41.0,ONEIDA,0.0,190,181,154.0,102.0,5,0.850828729281768,0.56353591160221,0.9526315789473684,平均
AP,4,411501060001,NEW HARTFORD SENIOR HIGH SCHOOL,6.0,LOW NEEDS,41.0,ONEIDA,0.0,890,873,589.0,368.0,11,0.6746849942726232,0.4215349369988545,0.9808988764044944,低N/RC
AP,4,411504020001,NY MILLS SCHOOL,5.0,AVERAGE NEEDS,41.0,ONEIDA,0.0,5,0,0.0,0.0,2,,,0.0,平均
AP,4,411800010020,ROME FREE ACADEMY,3.0,URBAN/SUBURBAN/HIGH NEEDS,41.0,ONEIDA,0.0,297,286,138.0,52.0,5,0.4825174825174825,0.18181818181818182,0.9629629629629629,城市-郊区
AP,4,411902040003,WATERVILLE JR/SR HIGH SCHOOL,5.0,AVERAGE NEEDS,41.0,ONEIDA,0.0,42,38,21.0,9.0,2,0.5526315789473685,0.23684210526315788,0.9047619047619048,平均
AP,4,412000050004,VERNON-VERONA-SHERRILL SR HS,5.0,AVERAGE NEEDS,41.0,ONEIDA,0.0,109,104,84.0,39.0,3,0.8076923076923077,0.375,0.9541284403669725,平均
AP,4,412201060006,HOLLAND PATENT CENTRAL HIGH SCHOOL,5.0,AVERAGE NEEDS,41.0,ONEIDA,0.0,99,88,54.0,22.0,5,0.6136363636363636,0.25,0.8888888888888888,平均
AP,4,412300010024,THOMAS R PROCTOR HIGH SCHOOL,3.0,URBAN/SUBURBAN/HIGH NEEDS,41.0,ONEIDA,0.0,294,284,109.0,35.0,7,0.38380281690140844,0.12323943661971831,0.9659863945578231,城市-郊区
AP,4,412801040003,DONALD H CRANE JUNIOR/SENIOR HS,5.0,AVERAGE NEEDS,41.0,ONEIDA,0.0,63,63,41.0,22.0,0,0.6507936507936508,0.3492063492063492,1.0,平均
AP,4,412901040003,ORISKANY JUNIOR-SENIOR HS,5.0,AVERAGE NEEDS,41.0,ONEIDA,0.0,60,55,28.0,10.0,2,0.509090909090909,0.18181818181818182,0.9166666666666666,平均
AP,4,412902060008,WHITESBORO HIGH SCHOOL,5.0,AVERAGE NEEDS,41.0,ONEIDA,0.0,338,333,248.0,137.0,4,0.7447447447447447,0.4114114114114114,0.985207100591716,平均
AP,4,420303060010,NORTH SYRACUSE JUNIOR HS,5.0,AVERAGE NEEDS,42.0,ONONDAGA,0.0,1,0,0.0,0.0,1,,,0.0,平均
AP,4,420303060014,CICERO-NORTH SYRACUSE HS,5.0,AVERAGE NEEDS,42.0,ONONDAGA,0.0,530,520,394.0,237.0,7,0.7576923076923077,0.45576923076923076,0.9811320754716981,平均
AP,4,420401060005,EAST SYRACUSE MINOA CENTRAL HIGH SCH,5.0,AVERAGE NEEDS,42.0,ONONDAGA,0.0,205,189,158.0,97.0,9,0.8359788359788359,0.5132275132275133,0.9219512195121952,平均
AP,4,420411060006,JAMESVILLE-DEWITT HIGH SCHOOL,5.0,AVERAGE NEEDS,42.0,ONONDAGA,0.0,450,431,382.0,273.0,11,0.8863109048723898,0.6334106728538283,0.9577777777777777,平均
AP,4,420501060003,JORDAN-ELBRIDGE HIGH SCHOOL,5.0,AVERAGE NEEDS,42.0,ONONDAGA,0.0,78,69,34.0,17.0,3,0.4927536231884058,0.2463768115942029,0.8846153846153846,平均
AP,4,420601040003,FABIUS-POMPEY MIDDLE SCH HIGH SCH,5.0,AVERAGE NEEDS,42.0,ONONDAGA,0.0,42,29,17.0,7.0,5,0.5862068965517241,0.2413793103448276,0.6904761904761905,平均
AP,4,420701060001,WESTHILL HIGH SCHOOL,5.0,AVERAGE NEEDS,42.0,ONONDAGA,0.0,221,215,181.0,102.0,3,0.8418604651162791,0.4744186046511628,0.9728506787330317,平均
AP,4,420901060007,CHARLES W BAKER HIGH SCHOOL,5.0,AVERAGE NEEDS,42.0,ONONDAGA,0.0,542,510,404.0,225.0,16,0.792156862745098,0.4411764705882353,0.940959409594096,平均
AP,4,421001060002,FAYETTEVILLE-MANLIUS SENIOR HIGH SCH,6.0,LOW NEEDS,42.0,ONONDAGA,0.0,750,715,669.0,536.0,24,0.9356643356643357,0.7496503496503496,0.9533333333333334,低N/RC
AP,4,421101060003,MARCELLUS HIGH SCHOOL,5.0,AVERAGE NEEDS,42.0,ONONDAGA,0.0,139,122,93.0,51.0,10,0.7622950819672131,0.4180327868852459,0.8776978417266187,平均
AP,4,421201040003,ONONDAGA SENIOR HIGH SCHOOL,5.0,AVERAGE NEEDS,42.0,ONONDAGA,0.0,58,53,28.0,17.0,2,0.5283018867924528,0.32075471698113206,0.9137931034482759,平均
AP,4,421501060011,LIVERPOOL HIGH SCHOOL,5.0,AVERAGE NEEDS,42.0,ONONDAGA,0.0,448,428,365.0,255.0,11,0.852803738317757,0.5957943925233645,0.9553571428571429,平均
AP,4,421601060002,SKANEATELES SENIOR HIGH SCHOOL,6.0,LOW NEEDS,42.0,ONONDAGA,0.0,304,284,238.0,176.0,11,0.8380281690140845,0.6197183098591549,0.9342105263157895,低N/RC
AP,4,421902040001,TULLY JUNIOR-SENIOR HS,5.0,AVERAGE NEEDS,42.0,ONONDAGA,0.0,31,28,25.0,20.0,2,0.8928571428571429,0.7142857142857143,0.9032258064516129,平均
AP,4,42302040003,CATTARAUGUS-LITTLE VALLEY HS,5.0,AVERAGE NEEDS,4.0,CATTARAUGUS,0.0,6,6,3.0,2.0,0,0.5,0.3333333333333333,1.0,平均
AP,4,42801060005,GOWANDA MIDDLE SCHOOL,4.0,RURAL HIGH NEEDS,4.0,CATTARAUGUS,0.0,1,0,0.0,0.0,1,,,0.0,农村
AP,4,42801060006,GOWANDA HIGH SCHOOL,4.0,RURAL HIGH NEEDS,4.0,CATTARAUGUS,0.0,36,36,16.0,9.0,0,0.4444444444444444,0.25,1.0,农村
AP,4,430300050002,CANANDAIGUA ACADEMY,5.0,AVERAGE NEEDS,43.0,ONTARIO,0.0,498,476,358.0,194.0,10,0.7521008403361344,0.40756302521008403,0.9558232931726908,平均
AP,4,430501040001,BLOOMFIELD HIGH SCHOOL,5.0,AVERAGE NEEDS,43.0,ONTARIO,0.0,71,63,36.0,22.0,3,0.5714285714285714,0.3492063492063492,0.8873239436619719,平均
AP,4,430700010006,GENEVA HIGH SCHOOL,4.0,RURAL HIGH NEEDS,43.0,ONTARIO,0.0,263,229,142.0,91.0,14,0.6200873362445415,0.39737991266375544,0.870722433460076,农村
AP,4,430901060001,MARCUS WHITMAN HIGH SCHOOL,5.0,AVERAGE NEEDS,43.0,ONTARIO,0.0,53,48,41.0,16.0,3,0.8541666666666666,0.3333333333333333,0.9056603773584906,平均
AP,4,431101040002,RED JACKET HIGH SCHOOL,5.0,AVERAGE NEEDS,43.0,ONTARIO,0.0,44,33,27.0,17.0,6,0.8181818181818182,0.5151515151515151,0.75,平均
AP,4,431201040002,NAPLES HIGH SCHOOL,5.0,AVERAGE NEEDS,43.0,ONTARIO,0.0,67,67,43.0,28.0,0,0.6417910447761194,0.417910447761194,1.0,平均
AP,4,431301060004,MIDLAKES MIDDLE/HIGH SCHOOL,5.0,AVERAGE NEEDS,43.0,ONTARIO,0.0,49,39,29.0,15.0,6,0.7435897435897436,0.38461538461538464,0.7959183673469388,平均
AP,4,431701060004,VICTOR SENIOR HIGH SCHOOL,5.0,AVERAGE NEEDS,43.0,ONTARIO,0.0,1167,1149,937.0,634.0,8,0.8154917319408181,0.5517841601392516,0.9845758354755784,平均
AP,4,43200050002,SALAMANCA HIGH SCHOOL,4.0,RURAL HIGH NEEDS,4.0,CATTARAUGUS,0.0,16,14,14.0,3.0,2,1.0,0.21428571428571427,0.875,农村
AP,4,43501060006,PIONEER SENIOR HIGH SCHOOL,4.0,RURAL HIGH NEEDS,4.0,CATTARAUGUS,0.0,171,157,110.0,54.0,6,0.7006369426751592,0.34394904458598724,0.9181286549707602,农村
AP,4,440102060003,WASHINGTONVILLE SENIOR HIGH SCHOOL,5.0,AVERAGE NEEDS,44.0,ORANGE,0.0,88,88,62.0,44.0,0,0.7045454545454546,0.5,1.0,平均
AP,4,440201020001,CHESTER ACADEMY-MIDDLE/HIGH SCHOOL,5.0,AVERAGE NEEDS,44.0,ORANGE,0.0,28,25,14.0,5.0,1,0.56,0.2,0.8928571428571429,平均
AP,4,440301060003,CORNWALL CENTRAL HIGH SCHOOL,5.0,AVERAGE NEEDS,44.0,ORANGE,0.0,393,384,314.0,213.0,5,0.8177083333333334,0.5546875,0.9770992366412213,平均
AP,4,440401060005,PINE BUSH SENIOR HIGH SCHOOL,5.0,AVERAGE NEEDS,44.0,ORANGE,0.0,321,294,210.0,125.0,13,0.7142857142857143,0.42517006802721086,0.9158878504672897,平均
AP,4,440601040001,GOSHEN CENTRAL HIGH SCHOOL,5.0,AVERAGE NEEDS,44.0,ORANGE,0.0,230,225,169.0,113.0,3,0.7511111111111111,0.5022222222222222,0.9782608695652174,平均
AP,4,441101040001,MINISINK VALLEY HIGH SCHOOL,5.0,AVERAGE NEEDS,44.0,ORANGE,0.0,72,59,47.0,30.0,6,0.7966101694915254,0.5084745762711864,0.8194444444444444,平均
AP,4,441201060006,MONROE-WOODBURY HIGH SCHOOL,5.0,AVERAGE NEEDS,44.0,ORANGE,0.0,460,455,333.0,188.0,4,0.7318681318681318,0.41318681318681316,0.9891304347826086,平均
AP,4,441301060004,VALLEY CENTRAL HIGH SCHOOL,5.0,AVERAGE NEEDS,44.0,ORANGE,0.0,288,270,192.0,101.0,10,0.7111111111111111,0.37407407407407406,0.9375,平均
AP,4,441600010006,GIDNEY AVENUE MEMORIAL SCHOOL,3.0,URBAN/SUBURBAN/HIGH NEEDS,44.0,ORANGE,0.0,4,0,0.0,0.0,4,,,0.0,城市-郊区
AP,4,441600010017,NEWBURGH FREE ACADEMY,3.0,URBAN/SUBURBAN/HIGH NEEDS,44.0,ORANGE,0.0,809,750,245.0,115.0,21,0.32666666666666666,0.15333333333333332,0.927070457354759,城市-郊区
AP,4,441903020001,GEORGE F BAKER HIGH SCHOOL,6.0,LOW NEEDS,44.0,ORANGE,0.0,45,11,8.0,4.0,12,0.7272727272727273,0.36363636363636365,0.24444444444444444,低N/RC
AP,4,442101060002,WARWICK VALLEY HIGH SCHOOL,6.0,LOW NEEDS,44.0,ORANGE,0.0,661,632,543.0,379.0,12,0.8591772151898734,0.5996835443037974,0.9561270801815431,低N/RC
AP,4,450101060003,CHARLES D'AMICO HIGH SCHOOL,4.0,RURAL HIGH NEEDS,45.0,ORLEANS,0.0,28,16,10.0,5.0,5,0.625,0.3125,0.5714285714285714,农村
AP,4,450607040002,KENDALL JUNIOR-SENIOR HIGH SCHOOL,5.0,AVERAGE NEEDS,45.0,ORLEANS,0.0,55,53,34.0,17.0,1,0.6415094339622641,0.32075471698113206,0.9636363636363636,平均
AP,4,450801060004,MEDINA JUNIOR-SENIOR HS,4.0,RURAL HIGH NEEDS,45.0,ORLEANS,0.0,122,118,70.0,28.0,3,0.5932203389830508,0.23728813559322035,0.9672131147540983,农村
AP,4,460102040006,ALTMAR-PARISH-WILLIAMSTOWN JR/SR HS,4.0,RURAL HIGH NEEDS,46.0,OSWEGO,0.0,12,12,3.0,0.0,0,0.25,0.0,1.0,农村
AP,4,460500010005,G RAY BODLEY HIGH SCHOOL,3.0,URBAN/SUBURBAN/HIGH NEEDS,46.0,OSWEGO,0.0,77,71,48.0,23.0,2,0.676056338028169,0.323943661971831,0.922077922077922,城市-郊区
AP,4,460701040002,HANNIBAL HIGH SCHOOL,4.0,RURAL HIGH NEEDS,46.0,OSWEGO,0.0,18,9,7.0,1.0,3,0.7777777777777778,0.1111111111111111,0.5,农村
AP,4,460801060005,PAUL V MOORE HIGH SCHOOL,5.0,AVERAGE NEEDS,46.0,OSWEGO,0.0,116,107,91.0,57.0,5,0.8504672897196262,0.5327102803738317,0.9224137931034483,平均
AP,4,461300010008,OSWEGO HIGH SCHOOL,5.0,AVERAGE NEEDS,46.0,OSWEGO,0.0,168,153,123.0,71.0,6,0.803921568627451,0.46405228758169936,0.9107142857142857,平均
AP,4,461801040001,PULASKI MIDDLE-HIGH SCHOOL,4.0,RURAL HIGH NEEDS,46.0,OSWEGO,0.0,42,35,19.0,7.0,3,0.5428571428571428,0.2,0.8333333333333334,农村
AP,4,462001060006,JOHN C BIRDLEBOUGH HIGH SCHOOL,5.0,AVERAGE NEEDS,46.0,OSWEGO,0.0,26,25,17.0,1.0,1,0.68,0.04,0.9615384615384616,平均
AP,4,471701040003,COOPERSTOWN JR/SR HIGH SCHOOL,5.0,AVERAGE NEEDS,47.0,OTSEGO,0.0,104,95,72.0,43.0,7,0.7578947368421053,0.45263157894736844,0.9134615384615384,平均
AP,4,472202040001,CHERRY VALLEY-SPRINGFIELD CENTRAL,5.0,AVERAGE NEEDS,47.0,OTSEGO,0.0,15,15,7.0,4.0,0,0.4666666666666667,0.26666666666666666,1.0,平均
AP,4,480101060001,MAHOPAC HIGH SCHOOL,6.0,LOW NEEDS,48.0,PUTNAM,0.0,213,187,146.0,103.0,15,0.7807486631016043,0.5508021390374331,0.8779342723004695,低N/RC
AP,4,480102060005,CARMEL HIGH SCHOOL,5.0,AVERAGE NEEDS,48.0,PUTNAM,0.0,410,384,278.0,166.0,10,0.7239583333333334,0.4322916666666667,0.9365853658536586,平均
AP,4,480401040002,HALDANE HIGH SCHOOL,6.0,LOW NEEDS,48.0,PUTNAM,0.0,296,280,235.0,174.0,10,0.8392857142857143,0.6214285714285714,0.9459459459459459,低N/RC
AP,4,480503040001,PUTNAM VALLEY HIGH SCHOOL,6.0,LOW NEEDS,48.0,PUTNAM,0.0,113,105,40.0,15.0,3,0.38095238095238093,0.14285714285714285,0.9292035398230089,低N/RC
AP,4,480601060003,BREWSTER HIGH SCHOOL,6.0,LOW NEEDS,48.0,PUTNAM,0.0,479,459,328.0,191.0,10,0.7145969498910676,0.41612200435729846,0.9582463465553236,低N/RC
AP,4,490101040006,BERLIN MIDDLE SCHOOL/HIGH SCHOOL,5.0,AVERAGE NEEDS,49.0,RENSSELAER,0.0,15,9,7.0,1.0,3,0.7777777777777778,0.1111111111111111,0.6,平均
AP,4,490301060007,COLUMBIA HIGH SCHOOL,5.0,AVERAGE NEEDS,49.0,RENSSELAER,0.0,309,293,254.0,186.0,7,0.8668941979522184,0.6348122866894198,0.948220064724919,平均
AP,4,490501060003,HOOSICK FALLS HIGH SCHOOL,5.0,AVERAGE NEEDS,49.0,RENSSELAER,0.0,49,36,26.0,13.0,6,0.7222222222222222,0.3611111111111111,0.7346938775510204,平均
AP,4,491302060002,AVERILL PARK HIGH SCHOOL,5.0,AVERAGE NEEDS,49.0,RENSSELAER,0.0,233,219,183.0,114.0,6,0.8356164383561644,0.5205479452054794,0.9399141630901288,平均
AP,4,491401040002,HOOSIC VALLEY JUNIOR SENIOR HIGH,5.0,AVERAGE NEEDS,49.0,RENSSELAER,0.0,32,32,10.0,3.0,0,0.3125,0.09375,1.0,平均
AP,4,491501040002,MAPLE HILL JR/SR HIGH SCHOOL,5.0,AVERAGE NEEDS,49.0,RENSSELAER,0.0,173,165,101.0,46.0,7,0.6121212121212121,0.2787878787878788,0.953757225433526,平均
AP,4,491700010019,TROY HIGH SCHOOL,3.0,URBAN/SUBURBAN/HIGH NEEDS,49.0,RENSSELAER,0.0,79,60,44.0,27.0,7,0.7333333333333333,0.45,0.759493670886076,城市-郊区
AP,4,491700860931,KIPP TROY PREP CHARTER SCHOOL,7.0,CHARTER SCHOOL,49.0,RENSSELAER,0.0,189,180,34.0,11.0,1,0.18888888888888888,0.06111111111111111,0.9523809523809523,特许学校
AP,4,500101060011,CLARKSTOWN NORTH SENIOR HS,6.0,LOW NEEDS,50.0,ROCKLAND,0.0,576,540,450.0,309.0,15,0.8333333333333334,0.5722222222222222,0.9375,低N/RC
AP,4,500101060019,CLARKSTOWN SOUTH SENIOR HS,6.0,LOW NEEDS,50.0,ROCKLAND,0.0,569,529,477.0,376.0,19,0.9017013232514177,0.7107750472589792,0.929701230228471,低N/RC
AP,4,500108030004,NANUET SENIOR HIGH SCHOOL,6.0,LOW NEEDS,50.0,ROCKLAND,0.0,373,363,301.0,182.0,8,0.8292011019283747,0.5013774104683195,0.9731903485254692,低N/RC
AP,4,500201060009,NORTH ROCKLAND HIGH SCHOOL,5.0,AVERAGE NEEDS,50.0,ROCKLAND,0.0,558,540,393.0,181.0,10,0.7277777777777777,0.3351851851851852,0.967741935483871,平均
AP,4,500301060007,TAPPAN ZEE HIGH SCHOOL,6.0,LOW NEEDS,50.0,ROCKLAND,0.0,572,531,391.0,245.0,24,0.736346516007533,0.4613935969868173,0.9283216783216783,低N/RC
AP,4,500304030006,NYACK SENIOR HIGH SCHOOL,5.0,AVERAGE NEEDS,50.0,ROCKLAND,0.0,599,559,474.0,353.0,19,0.8479427549194991,0.631484794275492,0.9332220367278798,平均
AP,4,500308030008,PEARL RIVER HIGH SCHOOL,6.0,LOW NEEDS,50.0,ROCKLAND,0.0,312,301,260.0,201.0,6,0.8637873754152824,0.6677740863787376,0.9647435897435898,低N/RC
AP,4,500401060009,SUFFERN SENIOR HIGH SCHOOL,6.0,LOW NEEDS,50.0,ROCKLAND,0.0,765,742,627.0,426.0,13,0.8450134770889488,0.5741239892183289,0.9699346405228758,低N/RC
AP,4,500402060014,SPRING VALLEY HIGH SCHOOL,3.0,URBAN/SUBURBAN/HIGH NEEDS,50.0,ROCKLAND,0.0,174,152,43.0,13.0,7,0.28289473684210525,0.08552631578947369,0.8735632183908046,城市-郊区
AP,4,500402060018,RAMAPO HIGH SCHOOL,3.0,URBAN/SUBURBAN/HIGH NEEDS,50.0,ROCKLAND,0.0,192,166,102.0,51.0,8,0.6144578313253012,0.3072289156626506,0.8645833333333334,城市-郊区
AP,4,50100010013,AUBURN HIGH SCHOOL,3.0,URBAN/SUBURBAN/HIGH NEEDS,5.0,CAYUGA,0.0,226,218,160.0,103.0,4,0.7339449541284404,0.4724770642201835,0.9646017699115044,城市-郊区
AP,4,50301040002,WEEDSPORT JUNIOR-SENIOR HS,5.0,AVERAGE NEEDS,5.0,CAYUGA,0.0,13,10,8.0,2.0,3,0.8,0.2,0.7692307692307693,平均
AP,4,50401040003,CATO-MERIDIAN JUNIOR-SENIOR HS,5.0,AVERAGE NEEDS,5.0,CAYUGA,0.0,23,17,17.0,12.0,2,1.0,0.7058823529411765,0.7391304347826086,平均
AP,4,510101040003,ST LAWRENCE HIGH SCHOOL,4.0,RURAL HIGH NEEDS,51.0,SAINT LAWRENCE,0.0,2,0,0.0,0.0,1,,,0.0,农村
AP,4,510201060003,H C WILLIAMS SENIOR HIGH SCH,5.0,AVERAGE NEEDS,51.0,SAINT LAWRENCE,0.0,134,115,108.0,58.0,8,0.9391304347826087,0.5043478260869565,0.8582089552238806,平均
AP,4,510501040001,COLTON-PIERREPONT CENTRAL SCHOOL,5.0,AVERAGE NEEDS,51.0,SAINT LAWRENCE,0.0,16,6,6.0,1.0,3,1.0,0.16666666666666666,0.375,平均
AP,4,51101040004,PORT BYRON SENIOR HIGH SCHOOL,5.0,AVERAGE NEEDS,5.0,CAYUGA,0.0,60,60,31.0,15.0,0,0.5166666666666667,0.25,1.0,平均
AP,4,511101060005,GOUVERNEUR HIGH SCHOOL,4.0,RURAL HIGH NEEDS,51.0,SAINT LAWRENCE,0.0,25,24,12.0,4.0,1,0.5,0.16666666666666666,0.96,农村
AP,4,511602040002,LISBON CENTRAL SCHOOL,4.0,RURAL HIGH NEEDS,51.0,SAINT LAWRENCE,0.0,6,0,0.0,0.0,3,,,0.0,农村
AP,4,512201040001,NORWOOD-NORFOLK SCHOOL,4.0,RURAL HIGH NEEDS,51.0,SAINT LAWRENCE,0.0,36,34,23.0,9.0,1,0.6764705882352942,0.2647058823529412,0.9444444444444444,农村
AP,4,512300010009,OGDENSBURG FREE ACADEMY,4.0,RURAL HIGH NEEDS,51.0,SAINT LAWRENCE,0.0,42,40,40.0,24.0,1,1.0,0.6,0.9523809523809523,农村
AP,4,512404040001,HEUVELTON CENTRAL SCHOOL,4.0,RURAL HIGH NEEDS,51.0,SAINT LAWRENCE,0.0,7,6,1.0,0.0,1,0.16666666666666666,0.0,0.8571428571428571,农村
AP,4,51301040003,MORAVIA JUNIOR-SENIOR HS,5.0,AVERAGE NEEDS,5.0,CAYUGA,0.0,78,67,36.0,13.0,5,0.5373134328358209,0.19402985074626866,0.8589743589743589,平均
AP,4,513102040002,EDWARDS-KNOX JUNIOR-SENIOR HS,4.0,RURAL HIGH NEEDS,51.0,SAINT LAWRENCE,0.0,6,0,0.0,0.0,3,,,0.0,农村
AP,4,51901040005,UNION SPRINGS HIGH SCHOOL,5.0,AVERAGE NEEDS,5.0,CAYUGA,0.0,25,24,20.0,15.0,1,0.8333333333333334,0.625,0.96,平均
AP,4,520101060006,BURNT HILLS-BALLSTON LAKE SR HS,6.0,LOW NEEDS,52.0,SARATOGA,0.0,454,434,360.0,253.0,12,0.8294930875576036,0.5829493087557603,0.9559471365638766,低N/RC
AP,4,520302060001,SHENENDEHOWA HIGH SCHOOL,5.0,AVERAGE NEEDS,52.0,SARATOGA,0.0,896,864,792.0,561.0,21,0.9166666666666666,0.6493055555555556,0.9642857142857143,平均
AP,4,520401040007,CORINTH HIGH SCHOOL,5.0,AVERAGE NEEDS,52.0,SARATOGA,0.0,69,68,41.0,19.0,1,0.6029411764705882,0.27941176470588236,0.9855072463768116,平均
AP,4,520701040002,GALWAY JR/SR HIGH SCHOOL,5.0,AVERAGE NEEDS,52.0,SARATOGA,0.0,22,22,19.0,14.0,0,0.8636363636363636,0.6363636363636364,1.0,平均
AP,4,521301060001,BALLSTON SPA SENIOR HIGH SCHOOL,5.0,AVERAGE NEEDS,52.0,SARATOGA,0.0,367,347,296.0,203.0,11,0.8530259365994236,0.5850144092219021,0.9455040871934605,平均
AP,4,521401040007,SOUTH GLENS FALLS SENIOR HIGH SCHOOL,5.0,AVERAGE NEEDS,52.0,SARATOGA,0.0,215,196,123.0,68.0,9,0.6275510204081632,0.3469387755102041,0.9116279069767442,平均
AP,4,521701040002,SCHUYLERVILLE HIGH SCHOOL,5.0,AVERAGE NEEDS,52.0,SARATOGA,0.0,107,101,87.0,54.0,3,0.8613861386138614,0.5346534653465347,0.9439252336448598,平均
AP,4,521800010010,SARATOGA SPRINGS HIGH SCHOOL,5.0,AVERAGE NEEDS,52.0,SARATOGA,0.0,559,533,457.0,329.0,10,0.8574108818011257,0.6172607879924953,0.9534883720930233,平均
AP,4,522001040003,STILLWATER MIDDLE SCHOOL HIGH SCHOOL,5.0,AVERAGE NEEDS,52.0,SARATOGA,0.0,58,57,39.0,17.0,1,0.6842105263157895,0.2982456140350877,0.9827586206896551,平均
AP,4,530101040001,DUANESBURG HIGH SCHOOL,5.0,AVERAGE NEEDS,53.0,SCHENECTADY,0.0,77,68,53.0,31.0,5,0.7794117647058824,0.45588235294117646,0.8831168831168831,平均
AP,4,530202060006,SCOTIA-GLENVILLE SENIOR HIGH SCHOOL,5.0,AVERAGE NEEDS,53.0,SCHENECTADY,0.0,285,270,217.0,125.0,9,0.8037037037037037,0.46296296296296297,0.9473684210526315,平均
AP,4,530301060007,NISKAYUNA HIGH SCHOOL,6.0,LOW NEEDS,53.0,SCHENECTADY,0.0,618,576,506.0,387.0,27,0.8784722222222222,0.671875,0.9320388349514563,低N/RC
AP,4,530501060006,SCHALMONT HIGH SCHOOL,5.0,AVERAGE NEEDS,53.0,SCHENECTADY,0.0,44,44,43.0,36.0,0,0.9772727272727273,0.8181818181818182,1.0,平均
AP,4,530515060004,MOHONASEN SENIOR HIGH SCHOOL,5.0,AVERAGE NEEDS,53.0,SCHENECTADY,0.0,121,115,85.0,38.0,3,0.7391304347826086,0.33043478260869563,0.9504132231404959,平均
AP,4,541001040001,MIDDLEBURGH JUNIOR/SENIOR HS,5.0,AVERAGE NEEDS,54.0,SCHOHARIE,0.0,44,38,20.0,8.0,3,0.5263157894736842,0.21052631578947367,0.8636363636363636,平均
AP,4,541102060002,COBLESKILL-RICHMONDVILLE HIGH SCHOOL,5.0,AVERAGE NEEDS,54.0,SCHOHARIE,0.0,95,92,80.0,57.0,3,0.8695652173913043,0.6195652173913043,0.968421052631579,平均
AP,4,541201040003,SCHOHARIE HIGH SCHOOL,5.0,AVERAGE NEEDS,54.0,SCHOHARIE,0.0,16,14,14.0,8.0,1,1.0,0.5714285714285714,0.875,平均
AP,4,550301060004,WATKINS GLEN CENTRAL HIGH SCHOOL,5.0,AVERAGE NEEDS,55.0,SCHUYLER,0.0,39,33,20.0,11.0,3,0.6060606060606061,0.3333333333333333,0.8461538461538461,平均
AP,4,560701060003,MYNDERSE ACADEMY,5.0,AVERAGE NEEDS,56.0,SENECA,0.0,26,19,16.0,9.0,3,0.8421052631578947,0.47368421052631576,0.7307692307692307,平均
AP,4,561006060001,WATERLOO HIGH SCHOOL,4.0,RURAL HIGH NEEDS,56.0,SENECA,0.0,36,28,16.0,8.0,5,0.5714285714285714,0.2857142857142857,0.7777777777777778,农村
AP,4,571000010017,CORNING-PAINTED POST HIGH SCHOOL,5.0,AVERAGE NEEDS,57.0,STEUBEN,0.0,247,242,174.0,105.0,4,0.71900826446281,0.43388429752066116,0.979757085020243,平均
AP,4,571800010006,HORNELL JUNIOR-SENIOR HIGH SCHOOL,4.0,RURAL HIGH NEEDS,57.0,STEUBEN,0.0,67,54,32.0,13.0,6,0.5925925925925926,0.24074074074074073,0.8059701492537313,农村
AP,4,571901040004,ARKPORT CENTRAL SCHOOL,5.0,AVERAGE NEEDS,57.0,STEUBEN,0.0,6,6,2.0,1.0,0,0.3333333333333333,0.16666666666666666,1.0,平均
AP,4,572901040004,HAMMONDSPORT JUNIOR-SENIOR HS,5.0,AVERAGE NEEDS,57.0,STEUBEN,0.0,50,42,28.0,11.0,3,0.6666666666666666,0.2619047619047619,0.84,平均
AP,4,580101030002,BABYLON JUNIOR-SENIOR HIGH SCHOOL,6.0,LOW NEEDS,58.0,SUFFOLK,0.0,470,449,313.0,189.0,10,0.6971046770601337,0.4209354120267261,0.9553191489361702,低N/RC
AP,4,580102030008,WEST BABYLON SENIOR HIGH SCHOOL,5.0,AVERAGE NEEDS,58.0,SUFFOLK,0.0,600,586,379.0,203.0,10,0.6467576791808873,0.3464163822525597,0.9766666666666667,平均
AP,4,580102030666,PK - WEST BABYLON UFSD,5.0,AVERAGE NEEDS,58.0,SUFFOLK,0.0,3,0,0.0,0.0,3,,,0.0,平均
AP,4,580103030008,NORTH BABYLON HIGH SCHOOL,5.0,AVERAGE NEEDS,58.0,SUFFOLK,0.0,683,657,407.0,187.0,17,0.619482496194825,0.2846270928462709,0.9619326500732065,平均
AP,4,580104030010,LINDENHURST SENIOR HIGH SCHOOL,5.0,AVERAGE NEEDS,58.0,SUFFOLK,0.0,766,731,574.0,369.0,20,0.7852257181942545,0.5047879616963065,0.9543080939947781,平均
AP,4,580105030005,WALTER G O'CONNELL COPIAGUE HIGH SCH,3.0,URBAN/SUBURBAN/HIGH NEEDS,58.0,SUFFOLK,0.0,516,509,349.0,186.0,4,0.6856581532416502,0.3654223968565815,0.9864341085271318,城市-郊区
AP,4,580107030007,DEER PARK HIGH SCHOOL,5.0,AVERAGE NEEDS,58.0,SUFFOLK,0.0,825,802,496.0,265.0,14,0.6184538653366584,0.33042394014962595,0.9721212121212122,平均
AP,4,580201060005,WARD MELVILLE SENIOR HIGH SCHOOL,6.0,LOW NEEDS,58.0,SUFFOLK,0.0,1454,1401,1249.0,921.0,26,0.8915060670949322,0.6573875802997858,0.9635488308115543,低N/RC
AP,4,580201060009,PAUL J GELINAS JUNIOR HIGH SCHOOL,6.0,LOW NEEDS,58.0,SUFFOLK,0.0,4,0,0.0,0.0,3,,,0.0,低N/RC
AP,4,580201060010,ROBERT CUSHMAN MURPHY JR HIGH SCHOOL,6.0,LOW NEEDS,58.0,SUFFOLK,0.0,4,0,0.0,0.0,2,,,0.0,低N/RC
AP,4,580203020008,COMSEWOGUE HIGH SCHOOL,5.0,AVERAGE NEEDS,58.0,SUFFOLK,0.0,457,439,296.0,112.0,10,0.6742596810933941,0.255125284738041,0.9606126914660832,平均
AP,4,580205060019,SACHEM HIGH SCHOOL NORTH,5.0,AVERAGE NEEDS,58.0,SUFFOLK,0.0,1366,1311,1023.0,597.0,35,0.7803203661327232,0.45537757437070936,0.9597364568081991,平均
AP,4,580205060020,SACHEM HIGH SCHOOL EAST,5.0,AVERAGE NEEDS,58.0,SUFFOLK,0.0,1184,1083,855.0,485.0,51,0.7894736842105263,0.44783010156971376,0.9146959459459459,平均
AP,4,580206020003,EARL L VANDERMEULEN HIGH SCHOOL,6.0,LOW NEEDS,58.0,SUFFOLK,0.0,389,338,296.0,206.0,24,0.8757396449704142,0.6094674556213018,0.8688946015424165,低N/RC
AP,4,580207020003,ROBERT M GRABLE JR MOUNT SINAI HS,6.0,LOW NEEDS,58.0,SUFFOLK,0.0,452,415,343.0,240.0,19,0.8265060240963855,0.5783132530120482,0.918141592920354,低N/RC
AP,4,580208020001,NORTH COUNTRY ROAD SCHOOL,6.0,LOW NEEDS,58.0,SUFFOLK,0.0,2,0,0.0,0.0,2,,,0.0,低N/RC
AP,4,580208020003,MILLER PLACE HIGH SCHOOL,6.0,LOW NEEDS,58.0,SUFFOLK,0.0,529,500,428.0,279.0,12,0.856,0.558,0.945179584120983,低N/RC
AP,4,580209020002,ROCKY POINT HIGH SCHOOL,5.0,AVERAGE NEEDS,58.0,SUFFOLK,0.0,377,354,289.0,194.0,13,0.8163841807909604,0.5480225988700564,0.9389920424403183,平均
AP,4,580211060010,NEWFIELD HIGH SCHOOL,5.0,AVERAGE NEEDS,58.0,SUFFOLK,0.0,472,434,322.0,189.0,14,0.7419354838709677,0.43548387096774194,0.9194915254237288,平均
AP,4,580211060016,CENTEREACH HIGH SCHOOL,5.0,AVERAGE NEEDS,58.0,SUFFOLK,0.0,561,530,387.0,199.0,16,0.730188679245283,0.3754716981132076,0.9447415329768271,平均
AP,4,580212060005,LONGWOOD HIGH SCHOOL,5.0,AVERAGE NEEDS,58.0,SUFFOLK,0.0,1062,1035,641.0,313.0,14,0.6193236714975845,0.30241545893719807,0.9745762711864406,平均
AP,4,580224030008,PATCHOGUE-MEDFORD HIGH SCHOOL,5.0,AVERAGE NEEDS,58.0,SUFFOLK,0.0,1034,1011,742.0,424.0,12,0.7339268051434223,0.41938674579624136,0.9777562862669246,平均
AP,4,580232030002,WILLIAM FLOYD HIGH SCHOOL,5.0,AVERAGE NEEDS,58.0,SUFFOLK,0.0,573,556,440.0,241.0,10,0.7913669064748201,0.43345323741007197,0.9703315881326352,平均
AP,4,580235060006,BELLPORT SENIOR HIGH SCHOOL,5.0,AVERAGE NEEDS,58.0,SUFFOLK,0.0,826,815,512.0,208.0,7,0.6282208588957056,0.2552147239263804,0.986682808716707,平均
AP,4,580301020002,EAST HAMPTON HIGH SCHOOL,6.0,LOW NEEDS,58.0,SUFFOLK,0.0,828,797,627.0,329.0,15,0.7867001254705144,0.4127979924717691,0.9625603864734299,低N/RC
AP,4,580305020004,PIERSON MIDDLE/HIGH SCHOOL,6.0,LOW NEEDS,58.0,SUFFOLK,0.0,60,48,25.0,8.0,7,0.5208333333333334,0.16666666666666666,0.8,低N/RC
AP,4,580401020003,ELWOOD/JOHN GLENN HIGH SCHOOL,5.0,AVERAGE NEEDS,58.0,SUFFOLK,0.0,525,498,438.0,316.0,13,0.8795180722891566,0.6345381526104418,0.9485714285714286,平均
AP,4,580402060004,COLD SPRING HARBOR HIGH SCHOOL,6.0,LOW NEEDS,58.0,SUFFOLK,0.0,896,857,619.0,399.0,20,0.7222870478413069,0.46557759626604434,0.9564732142857143,低N/RC
AP,4,580403030013,HUNTINGTON HIGH SCHOOL,5.0,AVERAGE NEEDS,58.0,SUFFOLK,0.0,885,825,571.0,314.0,29,0.6921212121212121,0.3806060606060606,0.9322033898305084,平均
AP,4,580404030009,NORTHPORT SENIOR HIGH SCHOOL,6.0,LOW NEEDS,58.0,SUFFOLK,0.0,691,661,511.0,330.0,15,0.773071104387292,0.49924357034795763,0.9565846599131693,低N/RC
AP,4,580405060008,CANDLEWOOD MIDDLE SCHOOL,6.0,LOW NEEDS,58.0,SUFFOLK,0.0,1,0,0.0,0.0,1,,,0.0,低N/RC
AP,4,580405060010,HALF HOLLOW HILLS HIGH SCHOOL EAST,6.0,LOW NEEDS,58.0,SUFFOLK,0.0,1529,1498,1312.0,917.0,17,0.8758344459279038,0.6121495327102804,0.9797253106605625,低N/RC
AP,4,580405060014,WEST HOLLOW MIDDLE SCHOOL,6.0,LOW NEEDS,58.0,SUFFOLK,0.0,3,0,0.0,0.0,1,,,0.0,低N/RC
AP,4,580405060016,HALF HOLLOW HILLS HIGH SCHOOL WEST,6.0,LOW NEEDS,58.0,SUFFOLK,0.0,1022,970,853.0,550.0,25,0.8793814432989691,0.5670103092783505,0.949119373776908,低N/RC
AP,4,580406060007,HARBORFIELDS HIGH SCHOOL,6.0,LOW NEEDS,58.0,SUFFOLK,0.0,1112,1078,885.0,578.0,16,0.8209647495361782,0.536178107606679,0.9694244604316546,低N/RC
AP,4,580410030017,COMMACK HIGH SCHOOL,6.0,LOW NEEDS,58.0,SUFFOLK,0.0,428,400,331.0,227.0,14,0.8275,0.5675,0.9345794392523364,低N/RC
AP,4,580413030011,WALT WHITMAN HIGH SCHOOL,5.0,AVERAGE NEEDS,58.0,SUFFOLK,0.0,1342,1302,934.0,552.0,20,0.717357910906298,0.423963133640553,0.970193740685544,平均
AP,4,580501030006,BAY SHORE SENIOR HIGH SCHOOL,5.0,AVERAGE NEEDS,58.0,SUFFOLK,0.0,544,522,369.0,203.0,11,0.7068965517241379,0.3888888888888889,0.9595588235294118,平均
AP,4,580502020001,ISLIP HIGH SCHOOL,5.0,AVERAGE NEEDS,58.0,SUFFOLK,0.0,646,609,410.0,234.0,10,0.6732348111658456,0.3842364532019704,0.9427244582043344,平均
AP,4,580503030006,EAST ISLIP HIGH SCHOOL,5.0,AVERAGE NEEDS,58.0,SUFFOLK,0.0,653,627,438.0,232.0,12,0.6985645933014354,0.3700159489633174,0.9601837672281777,平均
AP,4,580504030004,SAYVILLE HIGH SCHOOL,6.0,LOW NEEDS,58.0,SUFFOLK,0.0,655,635,488.0,300.0,7,0.768503937007874,0.47244094488188976,0.9694656488549618,低N/RC
AP,4,580505020004,BAYPORT-BLUE POINT HIGH SCHOOL,6.0,LOW NEEDS,58.0,SUFFOLK,0.0,580,556,443.0,257.0,13,0.7967625899280576,0.46223021582733814,0.9586206896551724,低N/RC
AP,4,580506030007,HAUPPAUGE HIGH SCHOOL,6.0,LOW NEEDS,58.0,SUFFOLK,0.0,650,624,467.0,278.0,14,0.7483974358974359,0.44551282051282054,0.96,低N/RC
AP,4,580507060006,CONNETQUOT HIGH SCHOOL,5.0,AVERAGE NEEDS,58.0,SUFFOLK,0.0,1042,1020,854.0,485.0,11,0.8372549019607843,0.47549019607843135,0.9788867562380038,平均
AP,4,580509030012,WEST ISLIP SENIOR HIGH SCHOOL,6.0,LOW NEEDS,58.0,SUFFOLK,0.0,644,628,472.0,247.0,8,0.7515923566878981,0.39331210191082805,0.9751552795031055,低N/RC
AP,4,580512030018,BRENTWOOD HIGH SCHOOL,3.0,URBAN/SUBURBAN/HIGH NEEDS,58.0,SUFFOLK,0.0,699,681,511.0,300.0,11,0.750367107195301,0.44052863436123346,0.9742489270386266,城市-郊区
AP,4,580513030003,MARGUERITE L MULVEY SCHOOL,3.0,URBAN/SUBURBAN/HIGH NEEDS,58.0,SUFFOLK,0.0,3,0,0.0,0.0,3,,,0.0,城市-郊区
AP,4,580513030006,CENTRAL ISLIP SENIOR HIGH SCHOOL,3.0,URBAN/SUBURBAN/HIGH NEEDS,58.0,SUFFOLK,0.0,408,395,209.0,113.0,5,0.529113924050633,0.28607594936708863,0.9681372549019608,城市-郊区
AP,4,580601040005,SHOREHAM-WADING RIVER HIGH SCHOOL,6.0,LOW NEEDS,58.0,SUFFOLK,0.0,549,524,401.0,240.0,13,0.7652671755725191,0.4580152671755725,0.9544626593806922,低N/RC
AP,4,580602040008,RIVERHEAD SENIOR HIGH SCHOOL,5.0,AVERAGE NEEDS,58.0,SUFFOLK,0.0,551,517,318.0,142.0,18,0.6150870406189555,0.2746615087040619,0.9382940108892922,平均
AP,4,580701020001,SHELTER ISLAND SCHOOL,6.0,LOW NEEDS,58.0,SUFFOLK,0.0,51,42,18.0,9.0,1,0.42857142857142855,0.21428571428571427,0.8235294117647058,低N/RC
AP,4,580801060014,SMITHTOWN HIGH SCHOOL-EAST,6.0,LOW NEEDS,58.0,SUFFOLK,0.0,1144,1098,889.0,494.0,27,0.8096539162112932,0.44990892531876137,0.9597902097902098,低N/RC
AP,4,580801060022,SMITHTOWN HIGH SCHOOL-WEST,6.0,LOW NEEDS,58.0,SUFFOLK,0.0,1007,974,837.0,557.0,17,0.8593429158110883,0.5718685831622177,0.9672293942403177,低N/RC
AP,4,580801060024,GREAT HOLLOW MIDDLE SCHOOL,6.0,LOW NEEDS,58.0,SUFFOLK,0.0,1,0,0.0,0.0,1,,,0.0,低N/RC
AP,4,580805060004,KINGS PARK HIGH SCHOOL,6.0,LOW NEEDS,58.0,SUFFOLK,0.0,663,628,564.0,387.0,19,0.8980891719745223,0.6162420382165605,0.947209653092006,低N/RC
AP,4,580902020001,WESTHAMPTON BEACH SENIOR HS,6.0,LOW NEEDS,58.0,SUFFOLK,0.0,1273,1248,952.0,565.0,12,0.7628205128205128,0.452724358974359,0.9803613511390417,低N/RC
AP,4,580905020001,HAMPTON BAYS HIGH SCHOOL,5.0,AVERAGE NEEDS,58.0,SUFFOLK,0.0,305,286,195.0,102.0,12,0.6818181818181818,0.35664335664335667,0.9377049180327869,平均
AP,4,580906030003,SOUTHAMPTON HIGH SCHOOL,6.0,LOW NEEDS,58.0,SUFFOLK,0.0,370,352,228.0,141.0,9,0.6477272727272727,0.4005681818181818,0.9513513513513514,低N/RC
AP,4,580909020001,BRIDGEHAMPTON SCHOOL,6.0,LOW NEEDS,58.0,SUFFOLK,0.0,32,21,10.0,2.0,4,0.47619047619047616,0.09523809523809523,0.65625,低N/RC
AP,4,580912060001,EASTPORT-SOUTH MANOR JR-SR HS,6.0,LOW NEEDS,58.0,SUFFOLK,0.0,734,706,556.0,307.0,15,0.7875354107648725,0.4348441926345609,0.9618528610354223,低N/RC
AP,4,581005020003,SOUTHOLD JUNIOR-SENIOR HS,6.0,LOW NEEDS,58.0,SUFFOLK,0.0,159,157,97.0,64.0,2,0.6178343949044586,0.40764331210191085,0.9874213836477987,低N/RC
AP,4,581010020001,GREENPORT HIGH SCHOOL,5.0,AVERAGE NEEDS,58.0,SUFFOLK,0.0,143,136,85.0,32.0,2,0.625,0.23529411764705882,0.951048951048951,平均
AP,4,581010020002,GREENPORT ELEMENTARY SCHOOL,5.0,AVERAGE NEEDS,58.0,SUFFOLK,0.0,1,0,0.0,0.0,1,,,0.0,平均
AP,4,581012020001,MATTITUCK JUNIOR-SENIOR HS,6.0,LOW NEEDS,58.0,SUFFOLK,0.0,249,241,178.0,94.0,5,0.7385892116182573,0.3900414937759336,0.9678714859437751,低N/RC
AP,4,590901060006,LIBERTY HIGH SCHOOL,4.0,RURAL HIGH NEEDS,59.0,SULLIVAN,0.0,18,18,13.0,2.0,0,0.7222222222222222,0.1111111111111111,1.0,农村
AP,4,591201040003,TRI-VALLEY SECONDARY SCHOOL,5.0,AVERAGE NEEDS,59.0,SULLIVAN,0.0,4,0,0.0,0.0,2,,,0.0,平均
AP,4,591401060005,MONTICELLO HIGH SCHOOL,4.0,RURAL HIGH NEEDS,59.0,SULLIVAN,0.0,71,51,25.0,10.0,11,0.49019607843137253,0.19607843137254902,0.7183098591549296,农村
AP,4,591502040004,SULLIVAN WEST HIGH SCHOOL,5.0,AVERAGE NEEDS,59.0,SULLIVAN,0.0,99,92,40.0,22.0,3,0.43478260869565216,0.2391304347826087,0.9292929292929293,平均
AP,4,600402040004,NEWARK VALLEY SENIOR HS,5.0,AVERAGE NEEDS,60.0,TIOGA,0.0,21,13,13.0,7.0,3,1.0,0.5384615384615384,0.6190476190476191,平均
AP,4,600801040002,SPENCER-VAN ETTEN HIGH SCHOOL,4.0,RURAL HIGH NEEDS,60.0,TIOGA,0.0,47,39,16.0,4.0,3,0.41025641025641024,0.10256410256410256,0.8297872340425532,农村
AP,4,60201060003,SOUTHWESTERN SENIOR HIGH SCHOOL,5.0,AVERAGE NEEDS,6.0,CHAUTAUQUA,0.0,109,95,82.0,62.0,5,0.8631578947368421,0.6526315789473685,0.8715596330275229,平均
AP,4,60401040006,CASSADAGA VALLEY MIDDLE/HIGH SCHOOL,4.0,RURAL HIGH NEEDS,6.0,CHAUTAUQUA,0.0,1,0,0.0,0.0,1,,,0.0,农村
AP,4,60601040003,PINE VALLEY CENTRAL JR-SR HIGH SCH,4.0,RURAL HIGH NEEDS,6.0,CHAUTAUQUA,0.0,19,12,9.0,2.0,2,0.75,0.16666666666666666,0.631578947368421,农村
AP,4,61001040005,MAPLE GROVE JUNIOR/SENIOR HS,5.0,AVERAGE NEEDS,6.0,CHAUTAUQUA,0.0,53,36,25.0,14.0,7,0.6944444444444444,0.3888888888888889,0.6792452830188679,平均
AP,4,610600010017,ITHACA SENIOR HIGH SCHOOL,5.0,AVERAGE NEEDS,61.0,TOMPKINS,0.0,974,940,840.0,696.0,20,0.8936170212765957,0.7404255319148936,0.9650924024640657,平均
AP,4,610801040002,LANSING HIGH SCHOOL,5.0,AVERAGE NEEDS,61.0,TOMPKINS,0.0,87,77,68.0,49.0,6,0.8831168831168831,0.6363636363636364,0.8850574712643678,平均
AP,4,611001040002,CHARLES O DICKERSON HIGH SCHOOL,5.0,AVERAGE NEEDS,61.0,TOMPKINS,0.0,98,97,62.0,36.0,1,0.6391752577319587,0.3711340206185567,0.9897959183673469,平均
AP,4,61101040007,FALCONER MIDDLE/HIGH SCHOOL,5.0,AVERAGE NEEDS,6.0,CHAUTAUQUA,0.0,36,30,21.0,10.0,4,0.7,0.3333333333333333,0.8333333333333334,平均
AP,4,61501040001,SILVER CREEK HIGH SCHOOL,4.0,RURAL HIGH NEEDS,6.0,CHAUTAUQUA,0.0,33,29,27.0,23.0,1,0.9310344827586207,0.7931034482758621,0.8787878787878788,农村
AP,4,61503040003,FORESTVILLE CENTRAL HIGH SCHOOL,5.0,AVERAGE NEEDS,6.0,CHAUTAUQUA,0.0,16,10,9.0,3.0,3,0.9,0.3,0.625,平均
AP,4,61700010013,JAMESTOWN HIGH SCHOOL,3.0,URBAN/SUBURBAN/HIGH NEEDS,6.0,CHAUTAUQUA,0.0,317,307,189.0,105.0,5,0.6156351791530945,0.34201954397394135,0.9684542586750788,城市-郊区
AP,4,620600010022,KINGSTON HIGH SCHOOL,5.0,AVERAGE NEEDS,62.0,ULSTER,0.0,297,283,221.0,140.0,9,0.7809187279151943,0.49469964664310956,0.9528619528619529,平均
AP,4,620803040002,HIGHLAND HIGH SCHOOL,5.0,AVERAGE NEEDS,62.0,ULSTER,0.0,118,105,71.0,32.0,5,0.6761904761904762,0.3047619047619048,0.8898305084745762,平均
AP,4,620901060001,RONDOUT VALLEY HIGH SCHOOL,5.0,AVERAGE NEEDS,62.0,ULSTER,0.0,181,161,96.0,49.0,8,0.5962732919254659,0.30434782608695654,0.8895027624309392,平均
AP,4,621001060005,MARLBORO CENTRAL HIGH SCHOOL,5.0,AVERAGE NEEDS,62.0,ULSTER,0.0,72,58,35.0,19.0,6,0.603448275862069,0.3275862068965517,0.8055555555555556,平均
AP,4,621101060005,NEW PALTZ SENIOR HIGH SCHOOL,5.0,AVERAGE NEEDS,62.0,ULSTER,0.0,482,451,336.0,203.0,15,0.7450110864745011,0.4501108647450111,0.9356846473029046,平均
AP,4,621201060005,ONTEORA HIGH SCHOOL,5.0,AVERAGE NEEDS,62.0,ULSTER,0.0,178,152,120.0,73.0,15,0.7894736842105263,0.48026315789473684,0.8539325842696629,平均
AP,4,621601060007,SAUGERTIES SENIOR HIGH SCHOOL,5.0,AVERAGE NEEDS,62.0,ULSTER,0.0,80,71,47.0,23.0,3,0.6619718309859155,0.323943661971831,0.8875,平均
AP,4,621801060005,WALLKILL SENIOR HIGH SCHOOL,5.0,AVERAGE NEEDS,62.0,ULSTER,0.0,78,74,54.0,36.0,4,0.7297297297297297,0.4864864864864865,0.9487179487179487,平均
AP,4,622002060004,ELLENVILLE JUNIOR/SENIOR HIGH SCHOOL,4.0,RURAL HIGH NEEDS,62.0,ULSTER,0.0,19,18,13.0,11.0,1,0.7222222222222222,0.6111111111111112,0.9473684210526315,农村
AP,4,62201060003,FREDONIA HIGH SCHOOL,5.0,AVERAGE NEEDS,6.0,CHAUTAUQUA,0.0,141,124,109.0,76.0,10,0.8790322580645161,0.6129032258064516,0.8794326241134752,平均
AP,4,62601040003,SHERMAN HIGH SCHOOL,4.0,RURAL HIGH NEEDS,6.0,CHAUTAUQUA,0.0,4,0,0.0,0.0,1,,,0.0,农村
AP,4,62901040002,WESTFIELD HIGH SCHOOL,4.0,RURAL HIGH NEEDS,6.0,CHAUTAUQUA,0.0,19,11,11.0,8.0,5,1.0,0.7272727272727273,0.5789473684210527,农村
AP,4,630101040001,BOLTON CENTRAL SCHOOL,6.0,LOW NEEDS,63.0,WARREN,0.0,15,13,6.0,2.0,2,0.46153846153846156,0.15384615384615385,0.8666666666666667,低N/RC
AP,4,630202040001,NORTH WARREN CENTRAL SCHOOL,5.0,AVERAGE NEEDS,63.0,WARREN,0.0,10,5,5.0,3.0,2,1.0,0.6,0.5,平均
AP,4,630300010007,GLENS FALLS SENIOR HIGH SCHOOL,5.0,AVERAGE NEEDS,63.0,WARREN,0.0,138,129,95.0,43.0,5,0.7364341085271318,0.3333333333333333,0.9347826086956522,平均
AP,4,630701040003,LAKE GEORGE JUNIOR-SENIOR HIGH SCHOO,5.0,AVERAGE NEEDS,63.0,WARREN,0.0,84,81,70.0,51.0,2,0.8641975308641975,0.6296296296296297,0.9642857142857143,平均
AP,4,630801040001,HADLEY-LUZERNE JUNIOR-SENIOR HS,4.0,RURAL HIGH NEEDS,63.0,WARREN,0.0,25,23,10.0,4.0,1,0.43478260869565216,0.17391304347826086,0.92,农村
AP,4,630902030002,QUEENSBURY SENIOR HIGH SCHOOL,5.0,AVERAGE NEEDS,63.0,WARREN,0.0,153,143,126.0,91.0,7,0.8811188811188811,0.6363636363636364,0.934640522875817,平均
AP,4,640502040001,FORT ANN MIDDLE/HIGH SCHOOL,5.0,AVERAGE NEEDS,64.0,WASHINGTON,0.0,2,0,0.0,0.0,1,,,0.0,平均
AP,4,640701040003,GRANVILLE JUNIOR-SENIOR HS,4.0,RURAL HIGH NEEDS,64.0,WASHINGTON,0.0,35,24,16.0,8.0,5,0.6666666666666666,0.3333333333333333,0.6857142857142857,农村
AP,4,640801040002,GREENWICH JUNIOR-SENIOR HS,5.0,AVERAGE NEEDS,64.0,WASHINGTON,0.0,30,22,22.0,14.0,2,1.0,0.6363636363636364,0.7333333333333333,平均
AP,4,641001040001,HARTFORD MIDDLE/HIGH SCHOOL,5.0,AVERAGE NEEDS,64.0,WASHINGTON,0.0,5,5,4.0,2.0,0,0.8,0.4,1.0,平均
AP,4,641301060001,HUDSON FALLS HIGH SCHOOL,4.0,RURAL HIGH NEEDS,64.0,WASHINGTON,0.0,37,31,17.0,6.0,5,0.5483870967741935,0.1935483870967742,0.8378378378378378,农村
AP,4,641501040001,SALEM HIGH SCHOOL,5.0,AVERAGE NEEDS,64.0,WASHINGTON,0.0,78,58,27.0,16.0,8,0.46551724137931033,0.27586206896551724,0.7435897435897436,平均
AP,4,641610040003,CAMBRIDGE JUNIOR-SENIOR HS,5.0,AVERAGE NEEDS,64.0,WASHINGTON,0.0,54,42,28.0,11.0,5,0.6666666666666666,0.2619047619047619,0.7777777777777778,平均
AP,4,650101060006,NEWARK SENIOR HS,4.0,RURAL HIGH NEEDS,65.0,WAYNE,0.0,73,46,22.0,4.0,12,0.4782608695652174,0.08695652173913043,0.6301369863013698,农村
AP,4,650801060003,WAYNE SENIOR HIGH SCHOOL,5.0,AVERAGE NEEDS,65.0,WAYNE,0.0,122,119,98.0,50.0,3,0.8235294117647058,0.42016806722689076,0.9754098360655737,平均
AP,4,650901060001,PALMYRA-MACEDON SENIOR HIGH SCHOOL,5.0,AVERAGE NEEDS,65.0,WAYNE,0.0,74,72,60.0,39.0,1,0.8333333333333334,0.5416666666666666,0.972972972972973,平均
AP,4,650902040001,GANANDA/R A CIRILLO HIGH SCHOOL,5.0,AVERAGE NEEDS,65.0,WAYNE,0.0,52,42,39.0,23.0,4,0.9285714285714286,0.5476190476190477,0.8076923076923077,平均
AP,4,651402040002,WILLIAMSON SENIOR HIGH SCHOOL,5.0,AVERAGE NEEDS,65.0,WAYNE,0.0,19,15,14.0,13.0,1,0.9333333333333333,0.8666666666666667,0.7894736842105263,平均
AP,4,651501060005,NORTH ROSE-WOLCOTT HIGH SCHOOL,4.0,RURAL HIGH NEEDS,65.0,WAYNE,0.0,28,23,15.0,3.0,2,0.6521739130434783,0.13043478260869565,0.8214285714285714,农村
AP,4,651503040003,RED CREEK HIGH SCHOOL,4.0,RURAL HIGH NEEDS,65.0,WAYNE,0.0,30,25,12.0,6.0,2,0.48,0.24,0.8333333333333334,农村
AP,4,660101030004,JOHN JAY HIGH SCHOOL,6.0,LOW NEEDS,66.0,WESTCHESTER,0.0,1041,1016,761.0,497.0,11,0.7490157480314961,0.4891732283464567,0.9759846301633045,低N/RC
AP,4,660102060003,MT KISCO ELEMENTARY SCHOOL,6.0,LOW NEEDS,66.0,WESTCHESTER,0.0,1,0,0.0,0.0,1,,,0.0,低N/RC
AP,4,660102060006,FOX LANE HIGH SCHOOL,6.0,LOW NEEDS,66.0,WESTCHESTER,0.0,616,575,498.0,335.0,19,0.8660869565217392,0.5826086956521739,0.9334415584415584,低N/RC
AP,4,660202030003,CROTON-HARMON  HIGH SCHOOL,6.0,LOW NEEDS,66.0,WESTCHESTER,0.0,546,523,368.0,219.0,15,0.7036328871892925,0.4187380497131931,0.9578754578754579,低N/RC
AP,4,660203060005,HENDRICK HUDSON HIGH SCHOOL,6.0,LOW NEEDS,66.0,WESTCHESTER,0.0,426,389,321.0,215.0,13,0.8251928020565553,0.5526992287917738,0.9131455399061033,低N/RC
AP,4,660301030005,EASTCHESTER MIDDLE SCHOOL,6.0,LOW NEEDS,66.0,WESTCHESTER,0.0,1,0,0.0,0.0,1,,,0.0,低N/RC
AP,4,660301030006,EASTCHESTER SENIOR HIGH SCHOOL,6.0,LOW NEEDS,66.0,WESTCHESTER,0.0,759,732,645.0,463.0,17,0.8811475409836066,0.6325136612021858,0.9644268774703557,低N/RC
AP,4,660302030002,TUCKAHOE HIGH SCHOOL,6.0,LOW NEEDS,66.0,WESTCHESTER,0.0,191,156,127.0,64.0,19,0.8141025641025641,0.41025641025641024,0.8167539267015707,低N/RC
AP,4,660303030002,BRONXVILLE HIGH SCHOOL,6.0,LOW NEEDS,66.0,WESTCHESTER,0.0,900,865,790.0,585.0,24,0.9132947976878613,0.6763005780346821,0.9611111111111111,低N/RC
AP,4,660303030004,BRONXVILLE MIDDLE SCHOOL,6.0,LOW NEEDS,66.0,WESTCHESTER,0.0,1,0,0.0,0.0,1,,,0.0,低N/RC
AP,4,660401030003,SLEEPY HOLLOW HIGH SCHOOL,5.0,AVERAGE NEEDS,66.0,WESTCHESTER,0.0,565,542,368.0,226.0,7,0.6789667896678967,0.41697416974169743,0.95929203539823,平均
AP,4,660402020001,IRVINGTON HIGH SCHOOL,6.0,LOW NEEDS,66.0,WESTCHESTER,0.0,613,585,476.0,330.0,15,0.8136752136752137,0.5641025641025641,0.9543230016313213,低N/RC
AP,4,660403030002,DOBBS FERRY HIGH SCHOOL,6.0,LOW NEEDS,66.0,WESTCHESTER,0.0,94,86,70.0,49.0,4,0.813953488372093,0.5697674418604651,0.9148936170212766,低N/RC
AP,4,660404030003,HASTINGS HIGH SCHOOL,6.0,LOW NEEDS,66.0,WESTCHESTER,0.0,485,457,356.0,241.0,15,0.7789934354485777,0.5273522975929978,0.9422680412371134,低N/RC
AP,4,660405030001,ARDSLEY HIGH SCHOOL,6.0,LOW NEEDS,66.0,WESTCHESTER,0.0,473,443,400.0,332.0,11,0.9029345372460497,0.7494356659142212,0.9365750528541226,低N/RC
AP,4,660406030003,EDGEMONT JUNIOR-SENIOR HIGH SCHOOL,6.0,LOW NEEDS,66.0,WESTCHESTER,0.0,781,763,666.0,526.0,12,0.872870249017038,0.6893840104849279,0.9769526248399488,低N/RC
AP,4,660407060004,WOODLANDS MIDDLE/HIGH SCHOOL,5.0,AVERAGE NEEDS,66.0,WESTCHESTER,0.0,95,86,44.0,21.0,6,0.5116279069767442,0.2441860465116279,0.9052631578947369,平均
AP,4,660409020003,ALEXANDER HAMILTON HIGH SCHOOL,5.0,AVERAGE NEEDS,66.0,WESTCHESTER,0.0,117,102,61.0,37.0,8,0.5980392156862745,0.3627450980392157,0.8717948717948718,平均
AP,4,660501060004,HARRISON HIGH SCHOOL,6.0,LOW NEEDS,66.0,WESTCHESTER,0.0,299,274,194.0,132.0,17,0.708029197080292,0.48175182481751827,0.9163879598662207,低N/RC
AP,4,660701030006,MAMARONECK HIGH SCHOOL,6.0,LOW NEEDS,66.0,WESTCHESTER,0.0,1584,1569,1306.0,974.0,11,0.8323773103887827,0.6207775653282346,0.990530303030303,低N/RC
AP,4,660801060006,WESTLAKE HIGH SCHOOL,6.0,LOW NEEDS,66.0,WESTCHESTER,0.0,469,450,321.0,207.0,10,0.7133333333333334,0.46,0.9594882729211087,低N/RC
AP,4,660805030004,VALHALLA HIGH SCHOOL,6.0,LOW NEEDS,66.0,WESTCHESTER,0.0,198,188,138.0,71.0,4,0.7340425531914894,0.3776595744680851,0.9494949494949495,低N/RC
AP,4,660809030003,PLEASANTVILLE HIGH SCHOOL,6.0,LOW NEEDS,66.0,WESTCHESTER,0.0,616,587,504.0,364.0,12,0.858603066439523,0.6201022146507666,0.952922077922078,低N/RC
AP,4,660900010026,DENZEL WASHINGTON SCHOOL-ARTS,3.0,URBAN/SUBURBAN/HIGH NEEDS,66.0,WESTCHESTER,0.0,202,181,74.0,33.0,4,0.4088397790055249,0.18232044198895028,0.8960396039603961,城市-郊区
AP,4,660900010027,MOUNT VERNON STEAM ACADEMY,3.0,URBAN/SUBURBAN/HIGH NEEDS,66.0,WESTCHESTER,0.0,244,240,75.0,24.0,3,0.3125,0.1,0.9836065573770492,城市-郊区
AP,4,661004060004,HORACE GREELEY HIGH SCHOOL,6.0,LOW NEEDS,66.0,WESTCHESTER,0.0,1565,1513,1234.0,917.0,27,0.8155981493721084,0.6060806345009914,0.9667731629392972,低N/RC
AP,4,661100010016,NEW ROCHELLE HIGH SCHOOL,5.0,AVERAGE NEEDS,66.0,WESTCHESTER,0.0,1433,1385,982.0,595.0,22,0.7090252707581227,0.4296028880866426,0.9665038381018841,平均
AP,4,661201060006,BYRAM HILLS HIGH SCHOOL,6.0,LOW NEEDS,66.0,WESTCHESTER,0.0,797,775,645.0,485.0,14,0.832258064516129,0.6258064516129033,0.972396486825596,低N/RC
AP,4,661301040003,NORTH SALEM MIDDLE/ HIGH SCHOOL,6.0,LOW NEEDS,66.0,WESTCHESTER,0.0,274,254,189.0,129.0,8,0.7440944881889764,0.5078740157480315,0.927007299270073,低N/RC
AP,4,661401030007,OSSINING HIGH SCHOOL,5.0,AVERAGE NEEDS,66.0,WESTCHESTER,0.0,347,332,206.0,116.0,11,0.6204819277108434,0.3493975903614458,0.9567723342939481,平均
AP,4,661500010009,PEEKSKILL HIGH SCHOOL,3.0,URBAN/SUBURBAN/HIGH NEEDS,66.0,WESTCHESTER,0.0,254,233,142.0,91.0,4,0.6094420600858369,0.3905579399141631,0.9173228346456693,城市-郊区
AP,4,661601030005,PELHAM MEMORIAL HIGH SCHOOL,6.0,LOW NEEDS,66.0,WESTCHESTER,0.0,1065,1044,819.0,547.0,9,0.7844827586206896,0.5239463601532567,0.9802816901408451,低N/RC
AP,4,661800010004,RYE HIGH SCHOOL,6.0,LOW NEEDS,66.0,WESTCHESTER,0.0,1162,1113,949.0,699.0,21,0.8526504941599281,0.628032345013477,0.9578313253012049,低N/RC
AP,4,661901030002,RYE NECK SENIOR HIGH SCHOOL,6.0,LOW NEEDS,66.0,WESTCHESTER,0.0,597,559,486.0,370.0,23,0.8694096601073346,0.6618962432915921,0.9363484087102177,低N/RC
AP,4,661904030008,PORT CHESTER SENIOR HIGH SCHOOL,3.0,URBAN/SUBURBAN/HIGH NEEDS,66.0,WESTCHESTER,0.0,819,802,471.0,235.0,11,0.587281795511222,0.29301745635910226,0.9792429792429792,城市-郊区
AP,4,661905020002,BLIND BROOK HIGH SCHOOL,6.0,LOW NEEDS,66.0,WESTCHESTER,0.0,447,428,390.0,285.0,12,0.9112149532710281,0.6658878504672897,0.9574944071588367,低N/RC
AP,4,662001030010,SCARSDALE SENIOR HIGH SCHOOL,6.0,LOW NEEDS,66.0,WESTCHESTER,0.0,824,766,729.0,605.0,28,0.9516971279373369,0.7898172323759791,0.9296116504854369,低N/RC
AP,4,662101060001,SOMERS SENIOR HIGH SCHOOL,6.0,LOW NEEDS,66.0,WESTCHESTER,0.0,718,693,490.0,278.0,15,0.7070707070707071,0.40115440115440115,0.9651810584958217,低N/RC
AP,4,662200010011,WHITE PLAINS SENIOR HIGH SCHOOL,5.0,AVERAGE NEEDS,66.0,WESTCHESTER,0.0,871,843,618.0,404.0,15,0.7330960854092526,0.4792408066429419,0.9678530424799081,平均
AP,4,662300010037,GORTON HIGH SCHOOL,2.0,LARGE CITY,66.0,WESTCHESTER,0.0,141,140,45.0,20.0,1,0.32142857142857145,0.14285714285714285,0.9929078014184397,大城市
AP,4,662300010038,LINCOLN HIGH SCHOOL,2.0,LARGE CITY,66.0,WESTCHESTER,0.0,166,161,97.0,46.0,3,0.6024844720496895,0.2857142857142857,0.9698795180722891,大城市
AP,4,662300010040,SAUNDERS TRADES & TECH SR HIGH SCH,2.0,LARGE CITY,66.0,WESTCHESTER,0.0,136,126,54.0,27.0,5,0.42857142857142855,0.21428571428571427,0.9264705882352942,大城市
AP,4,662300010044,YONKERS MONTESSORI ACADEMY,2.0,LARGE CITY,66.0,WESTCHESTER,0.0,18,17,1.0,0.0,1,0.058823529411764705,0.0,0.9444444444444444,大城市
AP,4,662300010047,PEARLS HAWTHORNE SCHOOL,2.0,LARGE CITY,66.0,WESTCHESTER,0.0,1,0,0.0,0.0,1,,,0.0,大城市
AP,4,662300010048,YONKERS HIGH SCHOOL,2.0,LARGE CITY,66.0,WESTCHESTER,0.0,147,147,127.0,95.0,0,0.8639455782312925,0.6462585034013606,1.0,大城市
AP,4,662300010050,RIVERSIDE HIGH SCHOOL,2.0,LARGE CITY,66.0,WESTCHESTER,0.0,39,36,15.0,6.0,2,0.4166666666666667,0.16666666666666666,0.9230769230769231,大城市
AP,4,662300010056,BARACK OBAMA SCHOOL FOR SJ,2.0,LARGE CITY,66.0,WESTCHESTER,0.0,82,80,21.0,5.0,2,0.2625,0.0625,0.975609756097561,大城市
AP,4,662401060007,LAKELAND HIGH SCHOOL,5.0,AVERAGE NEEDS,66.0,WESTCHESTER,0.0,568,542,435.0,301.0,10,0.8025830258302583,0.5553505535055351,0.954225352112676,平均
AP,4,662401060010,WALTER PANAS HIGH SCHOOL,5.0,AVERAGE NEEDS,66.0,WESTCHESTER,0.0,618,604,446.0,277.0,10,0.7384105960264901,0.4586092715231788,0.9773462783171522,平均
AP,4,662402060001,YORKTOWN HIGH SCHOOL,6.0,LOW NEEDS,66.0,WESTCHESTER,0.0,470,438,389.0,305.0,19,0.8881278538812786,0.6963470319634704,0.9319148936170213,低N/RC
AP,4,670201060001,ATTICA SENIOR HIGH SCHOOL,5.0,AVERAGE NEEDS,67.0,WYOMING,0.0,58,35,25.0,12.0,10,0.7142857142857143,0.34285714285714286,0.603448275862069,平均
AP,4,670401040001,LETCHWORTH SENIOR HIGH SCHOOL,5.0,AVERAGE NEEDS,67.0,WYOMING,0.0,66,37,21.0,10.0,5,0.5675675675675675,0.2702702702702703,0.5606060606060606,平均
AP,4,671501040002,WARSAW SENIOR HIGH SCHOOL,5.0,AVERAGE NEEDS,67.0,WYOMING,0.0,11,11,8.0,4.0,0,0.7272727272727273,0.36363636363636365,1.0,平均
AP,4,680601060001,PENN YAN ACADEMY,4.0,RURAL HIGH NEEDS,68.0,YATES,0.0,52,51,37.0,10.0,1,0.7254901960784313,0.19607843137254902,0.9807692307692307,农村
AP,4,70901060007,HORSEHEADS SENIOR HIGH SCHOOL,5.0,AVERAGE NEEDS,7.0,CHEMUNG,0.0,157,146,146.0,97.0,8,1.0,0.6643835616438356,0.9299363057324841,平均
AP,4,80201040001,BAINBRIDGE-GUILFORD HIGH SCHOOL,5.0,AVERAGE NEEDS,8.0,CHENANGO,0.0,59,56,46.0,27.0,2,0.8214285714285714,0.48214285714285715,0.9491525423728814,平均
AP,4,81200050004,NORWICH HIGH SCHOOL,4.0,RURAL HIGH NEEDS,8.0,CHENANGO,0.0,67,60,41.0,27.0,2,0.6833333333333333,0.45,0.8955223880597015,农村
AP,4,82001040004,SHERBURNE-EARLVILLE SENIOR HIGH SCH,4.0,RURAL HIGH NEEDS,8.0,CHENANGO,0.0,44,31,20.0,13.0,5,0.6451612903225806,0.41935483870967744,0.7045454545454546,农村
AP,4,90201040002,AUSABLE VALLEY HIGH SCHOOL,5.0,AVERAGE NEEDS,9.0,CLINTON,0.0,13,12,10.0,8.0,1,0.8333333333333334,0.6666666666666666,0.9230769230769231,平均
AP,4,90301060006,BEEKMANTOWN HIGH SCHOOL,5.0,AVERAGE NEEDS,9.0,CLINTON,0.0,194,188,124.0,62.0,5,0.6595744680851063,0.32978723404255317,0.9690721649484536,平均
AP,4,91101060005,PERU HIGH SCHOOL,5.0,AVERAGE NEEDS,9.0,CLINTON,0.0,63,55,41.0,27.0,3,0.7454545454545455,0.4909090909090909,0.873015873015873,平均
AP,4,91200010006,PLATTSBURGH SENIOR HIGH SCHOOL,3.0,URBAN/SUBURBAN/HIGH NEEDS,9.0,CLINTON,0.0,166,139,72.0,41.0,10,0.5179856115107914,0.2949640287769784,0.8373493975903614,城市-郊区
AP,4,91402060005,SARANAC HIGH SCHOOL,5.0,AVERAGE NEEDS,9.0,CLINTON,0.0,63,62,53.0,31.0,1,0.8548387096774194,0.5,0.9841269841269841,平均
IB,3,10100010000,ALBANY,3.0,URBAN/SUBURBAN/HIGH NEEDS,1.0,ALBANY,0.0,14,6,4.0,3.0,5,0.6666666666666666,0.5,0.42857142857142855,城市-郊区
IB,3,131701060000,RED HOOK,5.0,AVERAGE NEEDS,13.0,DUTCHESS,0.0,154,126,115.0,73.0,15,0.9126984126984127,0.5793650793650794,0.8181818181818182,平均
IB,3,140600010000,BUFFALO,2.0,LARGE CITY,14.0,ERIE,0.0,478,471,322.0,153.0,3,0.6836518046709129,0.3248407643312102,0.9853556485355649,大城市
IB,3,142601030000,KENMORE,5.0,AVERAGE NEEDS,14.0,ERIE,0.0,67,44,41.0,22.0,8,0.9318181818181818,0.5,0.6567164179104478,平均
IB,3,190701040000,GREENVILLE,5.0,AVERAGE NEEDS,19.0,GREENE,0.0,64,55,35.0,9.0,6,0.6363636363636364,0.16363636363636364,0.859375,平均
IB,3,260801060000,EAST IRONDEQUOIT,5.0,AVERAGE NEEDS,26.0,MONROE,0.0,209,197,126.0,24.0,6,0.6395939086294417,0.1218274111675127,0.9425837320574163,平均
IB,3,261101060000,HILTON,5.0,AVERAGE NEEDS,26.0,MONROE,0.0,166,149,120.0,62.0,6,0.8053691275167785,0.4161073825503356,0.8975903614457831,平均
IB,3,261501060000,CHURCHVILLE CHILI,5.0,AVERAGE NEEDS,26.0,MONROE,0.0,93,71,62.0,33.0,3,0.8732394366197183,0.4647887323943662,0.7634408602150538,平均
IB,3,261600010000,ROCHESTER,2.0,LARGE CITY,26.0,MONROE,0.0,112,106,39.0,18.0,2,0.36792452830188677,0.16981132075471697,0.9464285714285714,大城市
IB,3,280221030000,ROCKVILLE CENTRE,6.0,LOW NEEDS,28.0,NASSAU,0.0,1201,1198,803.0,329.0,2,0.6702838063439065,0.27462437395659434,0.9975020815986678,低N/RC
IB,3,280300010000,LONG BEACH,5.0,AVERAGE NEEDS,28.0,NASSAU,0.0,735,714,502.0,267.0,8,0.7030812324929971,0.3739495798319328,0.9714285714285714,平均
IB,3,280501060000,NORTH SHORE,6.0,LOW NEEDS,28.0,NASSAU,0.0,324,316,294.0,199.0,5,0.930379746835443,0.629746835443038,0.9753086419753086,低N/RC
IB,3,280503060000,LOCUST VALLEY,6.0,LOW NEEDS,28.0,NASSAU,0.0,278,242,178.0,73.0,12,0.7355371900826446,0.30165289256198347,0.8705035971223022,低N/RC
IB,3,30200010000,BINGHAMTON,3.0,URBAN/SUBURBAN/HIGH NEEDS,3.0,BROOME,0.0,221,207,83.0,17.0,5,0.40096618357487923,0.0821256038647343,0.9366515837104072,城市-郊区
IB,3,310200010000,NYC GEOG DIST # 2 - MANHATTAN,1.0,NEW YORK CITY,31.0,NEW YORK,1.0,577,569,459.0,311.0,4,0.8066783831282952,0.546572934973638,0.9861351819757366,纽约市
IB,3,31601060000,VESTAL,5.0,AVERAGE NEEDS,3.0,BROOME,0.0,64,45,32.0,23.0,9,0.7111111111111111,0.5111111111111111,0.703125,平均
IB,3,320900010000,NYC GEOG DIST # 9 - BRONX,1.0,NEW YORK CITY,32.0,BRONX,1.0,113,90,29.0,4.0,3,0.32222222222222224,0.044444444444444446,0.7964601769911505,纽约市
IB,3,331500010000,NYC GEOG DIST #15 - BROOKLYN,1.0,NEW YORK CITY,33.0,KINGS,1.0,22,15,10.0,0.0,4,0.6666666666666666,0.0,0.6818181818181818,纽约市
IB,3,331900010000,NYC GEOG DIST #19 - BROOKLYN,1.0,NEW YORK CITY,33.0,KINGS,1.0,51,47,14.0,5.0,2,0.2978723404255319,0.10638297872340426,0.9215686274509803,纽约市
IB,3,343000010000,NYC GEOG DIST #30 - QUEENS,1.0,NEW YORK CITY,34.0,QUEENS,1.0,502,500,424.0,272.0,2,0.848,0.544,0.9960159362549801,纽约市
IB,3,421800010000,SYRACUSE,2.0,LARGE CITY,42.0,ONONDAGA,0.0,181,169,61.0,21.0,3,0.3609467455621302,0.1242603550295858,0.9337016574585635,大城市
IB,3,430300050000,CANANDAIGUA,5.0,AVERAGE NEEDS,43.0,ONTARIO,0.0,50,48,34.0,12.0,2,0.7083333333333334,0.25,0.96,平均
IB,3,480503040000,PUTNAM VALLEY,6.0,LOW NEEDS,48.0,PUTNAM,0.0,190,177,154.0,83.0,4,0.8700564971751412,0.4689265536723164,0.9315789473684211,低N/RC
IB,3,500101060000,CLARKSTOWN,6.0,LOW NEEDS,50.0,ROCKLAND,0.0,128,101,85.0,44.0,13,0.8415841584158416,0.43564356435643564,0.7890625,低N/RC
IB,3,512001060000,MASSENA,4.0,RURAL HIGH NEEDS,51.0,SAINT LAWRENCE,0.0,46,40,33.0,21.0,3,0.825,0.525,0.8695652173913043,农村
IB,3,521301060000,BALLSTON SPA,5.0,AVERAGE NEEDS,52.0,SARATOGA,0.0,76,65,55.0,27.0,4,0.8461538461538461,0.4153846153846154,0.8552631578947368,平均
IB,3,530600010000,SCHENECTADY,3.0,URBAN/SUBURBAN/HIGH NEEDS,53.0,SCHENECTADY,0.0,214,201,130.0,54.0,5,0.6467661691542289,0.26865671641791045,0.9392523364485982,城市-郊区
IB,3,571000010000,CORNING,5.0,AVERAGE NEEDS,57.0,STEUBEN,0.0,325,291,263.0,157.0,18,0.9037800687285223,0.5395189003436426,0.8953846153846153,平均
IB,3,580305020000,SAG HARBOR,6.0,LOW NEEDS,58.0,SUFFOLK,0.0,102,90,72.0,43.0,5,0.8,0.4777777777777778,0.8823529411764706,低N/RC
IB,3,580404030000,NORTHPORT,6.0,LOW NEEDS,58.0,SUFFOLK,0.0,477,462,390.0,216.0,7,0.8441558441558441,0.4675324675324675,0.9685534591194969,低N/RC
IB,3,580410030000,COMMACK,6.0,LOW NEEDS,58.0,SUFFOLK,0.0,1070,1046,809.0,356.0,11,0.7734225621414914,0.3403441682600382,0.9775700934579439,低N/RC
IB,3,580501030000,BAY SHORE,5.0,AVERAGE NEEDS,58.0,SUFFOLK,0.0,379,353,284.0,154.0,12,0.8045325779036827,0.43626062322946174,0.9313984168865436,平均
IB,3,580506030000,HAUPPAUGE,6.0,LOW NEEDS,58.0,SUFFOLK,0.0,348,321,258.0,152.0,13,0.8037383177570093,0.4735202492211838,0.9224137931034483,低N/RC
IB,3,580509030000,WEST ISLIP,6.0,LOW NEEDS,58.0,SUFFOLK,0.0,182,157,139.0,78.0,7,0.8853503184713376,0.4968152866242038,0.8626373626373627,低N/RC
IB,3,630902030000,QUEENSBURY,5.0,AVERAGE NEEDS,63.0,WARREN,0.0,187,173,158.0,120.0,7,0.9132947976878613,0.6936416184971098,0.9251336898395722,平均
IB,3,650801060000,WAYNE,5.0,AVERAGE NEEDS,65.0,WAYNE,0.0,43,35,25.0,5.0,3,0.7142857142857143,0.14285714285714285,0.813953488372093,平均
IB,3,650901060000,PALMYRA-MACEDON,5.0,AVERAGE NEEDS,65.0,WAYNE,0.0,40,30,28.0,14.0,5,0.9333333333333333,0.4666666666666667,0.75,平均
IB,3,660403030000,DOBBS FERRY,6.0,LOW NEEDS,66.0,WESTCHESTER,0.0,339,318,192.0,80.0,14,0.6037735849056604,0.25157232704402516,0.9380530973451328,低N/RC
IB,3,660407060000,GREENBURGH,5.0,AVERAGE NEEDS,66.0,WESTCHESTER,0.0,236,120,82.0,26.0,42,0.6833333333333333,0.21666666666666667,0.5084745762711864,平均
IB,3,660501060000,HARRISON,6.0,LOW NEEDS,66.0,WESTCHESTER,0.0,1210,1194,850.0,459.0,5,0.711892797319933,0.3844221105527638,0.9867768595041322,低N/RC
IB,3,661904030000,PORT CHESTER-RYE,3.0,URBAN/SUBURBAN/HIGH NEEDS,66.0,WESTCHESTER,0.0,402,362,297.0,165.0,13,0.8204419889502762,0.4558011049723757,0.900497512437811,城市-郊区
IB,3,662101060000,SOMERS,6.0,LOW NEEDS,66.0,WESTCHESTER,0.0,253,236,140.0,63.0,7,0.5932203389830508,0.2669491525423729,0.932806324110672,低N/RC
IB,3,662300010000,YONKERS,2.0,LARGE CITY,66.0,WESTCHESTER,0.0,873,873,627.0,280.0,0,0.718213058419244,0.3207331042382589,1.0,大城市
IB,4,10100010034,ALBANY HIGH SCHOOL,3.0,URBAN/SUBURBAN/HIGH NEEDS,1.0,ALBANY,0.0,14,6,4.0,3.0,5,0.6666666666666666,0.5,0.42857142857142855,城市-郊区
IB,4,131701060002,RED HOOK SENIOR HIGH SCHOOL,5.0,AVERAGE NEEDS,13.0,DUTCHESS,0.0,154,126,115.0,73.0,15,0.9126984126984127,0.5793650793650794,0.8181818181818182,平均
IB,4,140600010102,CITY HONORS SCHOOL,2.0,LARGE CITY,14.0,ERIE,0.0,478,471,322.0,153.0,3,0.6836518046709129,0.3248407643312102,0.9853556485355649,大城市
IB,4,142601030026,KENMORE WEST SENIOR HIGH SCHOOL,5.0,AVERAGE NEEDS,14.0,ERIE,0.0,67,44,41.0,22.0,8,0.9318181818181818,0.5,0.6567164179104478,平均
IB,4,190701040004,GREENVILLE HIGH SCHOOL,5.0,AVERAGE NEEDS,19.0,GREENE,0.0,64,55,35.0,9.0,6,0.6363636363636364,0.16363636363636364,0.859375,平均
IB,4,260801060006,EASTRIDGE SENIOR HIGH SCHOOL,5.0,AVERAGE NEEDS,26.0,MONROE,0.0,209,197,126.0,24.0,6,0.6395939086294417,0.1218274111675127,0.9425837320574163,平均
IB,4,261101060004,HILTON HIGH SCHOOL,5.0,AVERAGE NEEDS,26.0,MONROE,0.0,166,149,120.0,62.0,6,0.8053691275167785,0.4161073825503356,0.8975903614457831,平均
IB,4,261501060004,CHURCHVILLE-CHILI SENIOR HIGH SCHOOL,5.0,AVERAGE NEEDS,26.0,MONROE,0.0,93,71,62.0,33.0,3,0.8732394366197183,0.4647887323943662,0.7634408602150538,平均
IB,4,261600010067,JOSEPH C WILSON MAGNET HIGH SCH,2.0,LARGE CITY,26.0,MONROE,0.0,112,106,39.0,18.0,2,0.36792452830188677,0.16981132075471697,0.9464285714285714,大城市
IB,4,280221030001,SOUTH SIDE HIGH SCHOOL,6.0,LOW NEEDS,28.0,NASSAU,0.0,1201,1198,803.0,329.0,2,0.6702838063439065,0.27462437395659434,0.9975020815986678,低N/RC
IB,4,280300010008,LONG BEACH HIGH SCHOOL,5.0,AVERAGE NEEDS,28.0,NASSAU,0.0,735,714,502.0,267.0,8,0.7030812324929971,0.3739495798319328,0.9714285714285714,平均
IB,4,280501060004,NORTH SHORE SENIOR HIGH SCHOOL,6.0,LOW NEEDS,28.0,NASSAU,0.0,324,316,294.0,199.0,5,0.930379746835443,0.629746835443038,0.9753086419753086,低N/RC
IB,4,280503060003,LOCUST VALLEY HIGH SCHOOL,6.0,LOW NEEDS,28.0,NASSAU,0.0,278,242,178.0,73.0,12,0.7355371900826446,0.30165289256198347,0.8705035971223022,低N/RC
IB,4,30200010021,BINGHAMTON HIGH SCHOOL,3.0,URBAN/SUBURBAN/HIGH NEEDS,3.0,BROOME,0.0,221,207,83.0,17.0,5,0.40096618357487923,0.0821256038647343,0.9366515837104072,城市-郊区
IB,4,310200010260,CLINTON SCHOOL,1.0,NEW YORK CITY,31.0,NEW YORK,1.0,577,569,459.0,311.0,4,0.8066783831282952,0.546572934973638,0.9861351819757366,纽约市
IB,4,310400860849,HARLEM VILLAGE ACADEMY EAST CS,7.0,CHARTER SCHOOL,31.0,NEW YORK,1.0,127,74,17.0,2.0,2,0.22972972972972974,0.02702702702702703,0.5826771653543307,特许学校
IB,4,310500860848,HARLEM VILLAGE ACADEMY WEST CS,7.0,CHARTER SCHOOL,31.0,NEW YORK,1.0,180,123,42.0,1.0,1,0.34146341463414637,0.008130081300813009,0.6833333333333333,特许学校
IB,4,31601060051,VESTAL SENIOR HIGH SCHOOL,5.0,AVERAGE NEEDS,3.0,BROOME,0.0,64,45,32.0,23.0,9,0.7111111111111111,0.5111111111111111,0.703125,平均
IB,4,320900011252,MOTT HALL BRONX HIGH SCHOOL,1.0,NEW YORK CITY,32.0,BRONX,1.0,113,90,29.0,4.0,3,0.32222222222222224,0.044444444444444446,0.7964601769911505,纽约市
IB,4,331500011497,BOERUM HILL SCHOOL FOR INTERNATIONAL,1.0,NEW YORK CITY,33.0,KINGS,1.0,22,15,10.0,0.0,4,0.6666666666666666,0.0,0.6818181818181818,纽约市
IB,4,331900011659,CYPRESS HILLS COLLEGIATE PREP SCHOOL,1.0,NEW YORK CITY,33.0,KINGS,1.0,51,47,14.0,5.0,2,0.2978723404255319,0.10638297872340426,0.9215686274509803,纽约市
IB,4,343000011580,BACCALAUREATE SCHOOL-GLOBAL ED,1.0,NEW YORK CITY,34.0,QUEENS,1.0,502,500,424.0,272.0,2,0.848,0.544,0.9960159362549801,纽约市
IB,4,421800010033,CORCORAN HIGH SCHOOL,2.0,LARGE CITY,42.0,ONONDAGA,0.0,181,169,61.0,21.0,3,0.3609467455621302,0.1242603550295858,0.9337016574585635,大城市
IB,4,430300050002,CANANDAIGUA ACADEMY,5.0,AVERAGE NEEDS,43.0,ONTARIO,0.0,50,48,34.0,12.0,2,0.7083333333333334,0.25,0.96,平均
IB,4,480503040001,PUTNAM VALLEY HIGH SCHOOL,6.0,LOW NEEDS,48.0,PUTNAM,0.0,190,177,154.0,83.0,4,0.8700564971751412,0.4689265536723164,0.9315789473684211,低N/RC
IB,4,500101060011,CLARKSTOWN NORTH SENIOR HS,6.0,LOW NEEDS,50.0,ROCKLAND,0.0,55,40,29.0,15.0,9,0.725,0.375,0.7272727272727273,低N/RC
IB,4,500101060019,CLARKSTOWN SOUTH SENIOR HS,6.0,LOW NEEDS,50.0,ROCKLAND,0.0,73,45,41.0,19.0,13,0.9111111111111111,0.4222222222222222,0.6164383561643836,低N/RC
IB,4,512001060008,MASSENA SENIOR HIGH SCHOOL,4.0,RURAL HIGH NEEDS,51.0,SAINT LAWRENCE,0.0,46,40,33.0,21.0,3,0.825,0.525,0.8695652173913043,农村
IB,4,521301060001,BALLSTON SPA SENIOR HIGH SCHOOL,5.0,AVERAGE NEEDS,52.0,SARATOGA,0.0,76,65,55.0,27.0,4,0.8461538461538461,0.4153846153846154,0.8552631578947368,平均
IB,4,530600010025,SCHENECTADY HIGH SCHOOL,3.0,URBAN/SUBURBAN/HIGH NEEDS,53.0,SCHENECTADY,0.0,214,201,130.0,54.0,5,0.6467661691542289,0.26865671641791045,0.9392523364485982,城市-郊区
IB,4,571000010017,CORNING-PAINTED POST HIGH SCHOOL,5.0,AVERAGE NEEDS,57.0,STEUBEN,0.0,325,291,263.0,157.0,18,0.9037800687285223,0.5395189003436426,0.8953846153846153,平均
IB,4,580305020004,PIERSON MIDDLE/HIGH SCHOOL,6.0,LOW NEEDS,58.0,SUFFOLK,0.0,102,90,72.0,43.0,5,0.8,0.4777777777777778,0.8823529411764706,低N/RC
IB,4,580404030009,NORTHPORT SENIOR HIGH SCHOOL,6.0,LOW NEEDS,58.0,SUFFOLK,0.0,477,462,390.0,216.0,7,0.8441558441558441,0.4675324675324675,0.9685534591194969,低N/RC
IB,4,580410030017,COMMACK HIGH SCHOOL,6.0,LOW NEEDS,58.0,SUFFOLK,0.0,1070,1046,809.0,356.0,11,0.7734225621414914,0.3403441682600382,0.9775700934579439,低N/RC
IB,4,580501030006,BAY SHORE SENIOR HIGH SCHOOL,5.0,AVERAGE NEEDS,58.0,SUFFOLK,0.0,379,353,284.0,154.0,12,0.8045325779036827,0.43626062322946174,0.9313984168865436,平均
IB,4,580506030007,HAUPPAUGE HIGH SCHOOL,6.0,LOW NEEDS,58.0,SUFFOLK,0.0,348,321,258.0,152.0,13,0.8037383177570093,0.4735202492211838,0.9224137931034483,低N/RC
IB,4,580509030012,WEST ISLIP SENIOR HIGH SCHOOL,6.0,LOW NEEDS,58.0,SUFFOLK,0.0,182,157,139.0,78.0,7,0.8853503184713376,0.4968152866242038,0.8626373626373627,低N/RC
IB,4,630902030002,QUEENSBURY SENIOR HIGH SCHOOL,5.0,AVERAGE NEEDS,63.0,WARREN,0.0,187,173,158.0,120.0,7,0.9132947976878613,0.6936416184971098,0.9251336898395722,平均
IB,4,650801060003,WAYNE SENIOR HIGH SCHOOL,5.0,AVERAGE NEEDS,65.0,WAYNE,0.0,43,35,25.0,5.0,3,0.7142857142857143,0.14285714285714285,0.813953488372093,平均
IB,4,650901060001,PALMYRA-MACEDON SENIOR HIGH SCHOOL,5.0,AVERAGE NEEDS,65.0,WAYNE,0.0,40,30,28.0,14.0,5,0.9333333333333333,0.4666666666666667,0.75,平均
IB,4,660403030002,DOBBS FERRY HIGH SCHOOL,6.0,LOW NEEDS,66.0,WESTCHESTER,0.0,339,318,192.0,80.0,14,0.6037735849056604,0.25157232704402516,0.9380530973451328,低N/RC
IB,4,660407060004,WOODLANDS MIDDLE/HIGH SCHOOL,5.0,AVERAGE NEEDS,66.0,WESTCHESTER,0.0,236,120,82.0,26.0,42,0.6833333333333333,0.21666666666666667,0.5084745762711864,平均
IB,4,660501060004,HARRISON HIGH SCHOOL,6.0,LOW NEEDS,66.0,WESTCHESTER,0.0,1210,1194,850.0,459.0,5,0.711892797319933,0.3844221105527638,0.9867768595041322,低N/RC
IB,4,661904030008,PORT CHESTER SENIOR HIGH SCHOOL,3.0,URBAN/SUBURBAN/HIGH NEEDS,66.0,WESTCHESTER,0.0,402,362,297.0,165.0,13,0.8204419889502762,0.4558011049723757,0.900497512437811,城市-郊区
IB,4,662101060001,SOMERS SENIOR HIGH SCHOOL,6.0,LOW NEEDS,66.0,WESTCHESTER,0.0,253,236,140.0,63.0,7,0.5932203389830508,0.2669491525423729,0.932806324110672,低N/RC
IB,4,662300010048,YONKERS HIGH SCHOOL,2.0,LARGE CITY,66.0,WESTCHESTER,0.0,873,873,627.0,280.0,0,0.718213058419244,0.3207331042382589,1.0,大城市
